Image_Name,Match,Half,Outcome_Label,Corner_Side,Attacking_Color,Defending_Color,GK_Color
2014-11-04_-_22-45_Arsenal_3_-_3_Anderlecht_corner_12.jpg,2014-11-04_-_22-45_Arsenal_3_-_3_Anderlecht,2,0,,,,
2014-11-04_-_22-45_Arsenal_3_-_3_Anderlecht_corner_13.jpg,2014-11-04_-_22-45_Arsenal_3_-_3_Anderlecht,2,1,,,,
2014-11-04_-_22-45_Arsenal_3_-_3_Anderlecht_corner_14.jpg,2014-11-04_-_22-45_Arsenal_3_-_3_Anderlecht,2,0,,,,
2014-11-04_-_22-45_Dortmund_4_-_1_Galatasaray_corner_1.jpg,2014-11-04_-_22-45_Dortmund_4_-_1_Galatasaray,1,0,,,,
2014-11-04_-_22-45_Dortmund_4_-_1_Galatasaray_corner_2.jpg,2014-11-04_-_22-45_Dortmund_4_-_1_Galatasaray,1,0,,,,
2014-11-04_-_22-45_Dortmund_4_-_1_Galatasaray_corner_3.jpg,2014-11-04_-_22-45_Dortmund_4_-_1_Galatasaray,1,0,,,,
2014-11-04_-_22-45_Dortmund_4_-_1_Galatasaray_corner_4.jpg,2014-11-04_-_22-45_Dortmund_4_-_1_Galatasaray,1,0,,,,
2014-11-04_-_22-45_Dortmund_4_-_1_Galatasaray_corner_5.jpg,2014-11-04_-_22-45_Dortmund_4_-_1_Galatasaray,1,1,,,,
2014-11-04_-_22-45_Dortmund_4_-_1_Galatasaray_corner_6.jpg,2014-11-04_-_22-45_Dortmund_4_-_1_Galatasaray,1,1,,,,
2014-11-04_-_22-45_Dortmund_4_-_1_Galatasaray_corner_7.jpg,2014-11-04_-_22-45_Dortmund_4_-_1_Galatasaray,2,0,,,,
2014-11-04_-_22-45_Dortmund_4_-_1_Galatasaray_corner_8.jpg,2014-11-04_-_22-45_Dortmund_4_-_1_Galatasaray,2,0,,,,
2014-11-04_-_22-45_Dortmund_4_-_1_Galatasaray_corner_9.jpg,2014-11-04_-_22-45_Dortmund_4_-_1_Galatasaray,2,1,,,,
2014-11-04_-_22-45_Dortmund_4_-_1_Galatasaray_corner_10.jpg,2014-11-04_-_22-45_Dortmund_4_-_1_Galatasaray,2,0,,,,
2014-11-04_-_22-45_Dortmund_4_-_1_Galatasaray_corner_12.jpg,2014-11-04_-_22-45_Dortmund_4_-_1_Galatasaray,2,0,,,,
2014-11-04_-_22-45_Dortmund_4_-_1_Galatasaray_corner_13.jpg,2014-11-04_-_22-45_Dortmund_4_-_1_Galatasaray,2,0,,,,
2014-11-04_-_22-45_Dortmund_4_-_1_Galatasaray_corner_14.jpg,2014-11-04_-_22-45_Dortmund_4_-_1_Galatasaray,2,0,,,,
2014-11-05_-_22-45_Bayern_Munich_2_-_0_AS_Roma_corner_1.jpg,2014-11-05_-_22-45_Bayern_Munich_2_-_0_AS_Roma,1,0,,,,
2014-11-05_-_22-45_Bayern_Munich_2_-_0_AS_Roma_corner_2.jpg,2014-11-05_-_22-45_Bayern_Munich_2_-_0_AS_Roma,1,0,,,,
2014-11-05_-_22-45_Bayern_Munich_2_-_0_AS_Roma_corner_3.jpg,2014-11-05_-_22-45_Bayern_Munich_2_-_0_AS_Roma,1,0,,,,
2014-11-05_-_22-45_Bayern_Munich_2_-_0_AS_Roma_corner_4.jpg,2014-11-05_-_22-45_Bayern_Munich_2_-_0_AS_Roma,1,0,,,,
2014-11-05_-_22-45_Bayern_Munich_2_-_0_AS_Roma_corner_6.jpg,2014-11-05_-_22-45_Bayern_Munich_2_-_0_AS_Roma,1,0,,,,
2014-11-05_-_22-45_Bayern_Munich_2_-_0_AS_Roma_corner_8.jpg,2014-11-05_-_22-45_Bayern_Munich_2_-_0_AS_Roma,2,1,,,,
2014-12-09_-_22-45_Benfica_0_-_0_Bayer_Leverkusen_corner_1.jpg,2014-12-09_-_22-45_Benfica_0_-_0_Bayer_Leverkusen,1,0,,,,
2014-12-09_-_22-45_Benfica_0_-_0_Bayer_Leverkusen_corner_2.jpg,2014-12-09_-_22-45_Benfica_0_-_0_Bayer_Leverkusen,1,0,,,,
2014-12-09_-_22-45_Benfica_0_-_0_Bayer_Leverkusen_corner_3.jpg,2014-12-09_-_22-45_Benfica_0_-_0_Bayer_Leverkusen,1,1,,,,
2014-12-09_-_22-45_Benfica_0_-_0_Bayer_Leverkusen_corner_4.jpg,2014-12-09_-_22-45_Benfica_0_-_0_Bayer_Leverkusen,1,1,,,,
2014-12-09_-_22-45_Benfica_0_-_0_Bayer_Leverkusen_corner_5.jpg,2014-12-09_-_22-45_Benfica_0_-_0_Bayer_Leverkusen,1,0,,,,
2014-12-09_-_22-45_Benfica_0_-_0_Bayer_Leverkusen_corner_7.jpg,2014-12-09_-_22-45_Benfica_0_-_0_Bayer_Leverkusen,1,0,,,,
2014-12-09_-_22-45_Benfica_0_-_0_Bayer_Leverkusen_corner_8.jpg,2014-12-09_-_22-45_Benfica_0_-_0_Bayer_Leverkusen,2,0,,,,
2014-12-09_-_22-45_Benfica_0_-_0_Bayer_Leverkusen_corner_9.jpg,2014-12-09_-_22-45_Benfica_0_-_0_Bayer_Leverkusen,2,1,,,,
2014-12-09_-_22-45_Dortmund_1_-_1_Anderlecht_corner_1.jpg,2014-12-09_-_22-45_Dortmund_1_-_1_Anderlecht,1,1,,,,
2014-12-09_-_22-45_Dortmund_1_-_1_Anderlecht_corner_2.jpg,2014-12-09_-_22-45_Dortmund_1_-_1_Anderlecht,1,0,,,,
2014-12-09_-_22-45_Dortmund_1_-_1_Anderlecht_corner_3.jpg,2014-12-09_-_22-45_Dortmund_1_-_1_Anderlecht,1,0,,,,
2014-12-09_-_22-45_Dortmund_1_-_1_Anderlecht_corner_4.jpg,2014-12-09_-_22-45_Dortmund_1_-_1_Anderlecht,1,0,,,,
2014-12-09_-_22-45_Dortmund_1_-_1_Anderlecht_corner_5.jpg,2014-12-09_-_22-45_Dortmund_1_-_1_Anderlecht,1,0,,,,
2014-12-09_-_22-45_Dortmund_1_-_1_Anderlecht_corner_6.jpg,2014-12-09_-_22-45_Dortmund_1_-_1_Anderlecht,2,1,,,,
2014-12-09_-_22-45_Dortmund_1_-_1_Anderlecht_corner_7.jpg,2014-12-09_-_22-45_Dortmund_1_-_1_Anderlecht,2,1,,,,
2014-12-09_-_22-45_Liverpool_1_-_1_Basel_corner_1.jpg,2014-12-09_-_22-45_Liverpool_1_-_1_Basel,1,0,,,,
2014-12-09_-_22-45_Liverpool_1_-_1_Basel_corner_2.jpg,2014-12-09_-_22-45_Liverpool_1_-_1_Basel,1,0,,,,
2014-12-09_-_22-45_Liverpool_1_-_1_Basel_corner_3.jpg,2014-12-09_-_22-45_Liverpool_1_-_1_Basel,1,1,,,,
2014-12-09_-_22-45_Liverpool_1_-_1_Basel_corner_5.jpg,2014-12-09_-_22-45_Liverpool_1_-_1_Basel,2,0,,,,
2014-12-09_-_22-45_Liverpool_1_-_1_Basel_corner_6.jpg,2014-12-09_-_22-45_Liverpool_1_-_1_Basel,2,0,,,,
2014-12-09_-_22-45_Liverpool_1_-_1_Basel_corner_7.jpg,2014-12-09_-_22-45_Liverpool_1_-_1_Basel,2,0,,,,
2014-12-09_-_22-45_Liverpool_1_-_1_Basel_corner_8.jpg,2014-12-09_-_22-45_Liverpool_1_-_1_Basel,2,1,,,,
2014-12-10_-_22-45_Barcelona_3_-_1_Paris_SG_corner_1.jpg,2014-12-10_-_22-45_Barcelona_3_-_1_Paris_SG,1,1,,,,
2014-12-10_-_22-45_Barcelona_3_-_1_Paris_SG_corner_2.jpg,2014-12-10_-_22-45_Barcelona_3_-_1_Paris_SG,2,0,,,,
2014-12-10_-_22-45_Barcelona_3_-_1_Paris_SG_corner_3.jpg,2014-12-10_-_22-45_Barcelona_3_-_1_Paris_SG,2,0,,,,
2014-12-10_-_22-45_Barcelona_3_-_1_Paris_SG_corner_5.jpg,2014-12-10_-_22-45_Barcelona_3_-_1_Paris_SG,2,0,,,,
2014-12-10_-_22-45_Bayern_Munich_3_-_0_CSKA_Moscow_corner_1.jpg,2014-12-10_-_22-45_Bayern_Munich_3_-_0_CSKA_Moscow,1,0,,,,
2014-12-10_-_22-45_Bayern_Munich_3_-_0_CSKA_Moscow_corner_3.jpg,2014-12-10_-_22-45_Bayern_Munich_3_-_0_CSKA_Moscow,1,1,,,,
2014-12-10_-_22-45_Bayern_Munich_3_-_0_CSKA_Moscow_corner_4.jpg,2014-12-10_-_22-45_Bayern_Munich_3_-_0_CSKA_Moscow,1,0,,,,
2014-12-10_-_22-45_Bayern_Munich_3_-_0_CSKA_Moscow_corner_6.jpg,2014-12-10_-_22-45_Bayern_Munich_3_-_0_CSKA_Moscow,1,0,,,,
2014-12-10_-_22-45_Bayern_Munich_3_-_0_CSKA_Moscow_corner_7.jpg,2014-12-10_-_22-45_Bayern_Munich_3_-_0_CSKA_Moscow,2,0,,,,
2014-12-10_-_22-45_Bayern_Munich_3_-_0_CSKA_Moscow_corner_9.jpg,2014-12-10_-_22-45_Bayern_Munich_3_-_0_CSKA_Moscow,2,0,,,,
2014-12-10_-_22-45_Bayern_Munich_3_-_0_CSKA_Moscow_corner_10.jpg,2014-12-10_-_22-45_Bayern_Munich_3_-_0_CSKA_Moscow,2,0,,,,
2014-12-10_-_22-45_Bayern_Munich_3_-_0_CSKA_Moscow_corner_11.jpg,2014-12-10_-_22-45_Bayern_Munich_3_-_0_CSKA_Moscow,2,1,,,,
2014-12-10_-_22-45_Bayern_Munich_3_-_0_CSKA_Moscow_corner_12.jpg,2014-12-10_-_22-45_Bayern_Munich_3_-_0_CSKA_Moscow,2,0,,,,
2015-02-17_-_22-45_Paris_SG_1_-_1_Chelsea_corner_1.jpg,2015-02-17_-_22-45_Paris_SG_1_-_1_Chelsea,1,1,,,,
2015-02-17_-_22-45_Paris_SG_1_-_1_Chelsea_corner_2.jpg,2015-02-17_-_22-45_Paris_SG_1_-_1_Chelsea,1,0,,,,
2015-02-17_-_22-45_Paris_SG_1_-_1_Chelsea_corner_3.jpg,2015-02-17_-_22-45_Paris_SG_1_-_1_Chelsea,2,0,,,,
2015-02-17_-_22-45_Paris_SG_1_-_1_Chelsea_corner_4.jpg,2015-02-17_-_22-45_Paris_SG_1_-_1_Chelsea,2,0,,,,
2015-02-17_-_22-45_Paris_SG_1_-_1_Chelsea_corner_5.jpg,2015-02-17_-_22-45_Paris_SG_1_-_1_Chelsea,2,0,,,,
2015-02-17_-_22-45_Paris_SG_1_-_1_Chelsea_corner_6.jpg,2015-02-17_-_22-45_Paris_SG_1_-_1_Chelsea,2,0,,,,
2015-02-17_-_22-45_Paris_SG_1_-_1_Chelsea_corner_7.jpg,2015-02-17_-_22-45_Paris_SG_1_-_1_Chelsea,2,0,,,,
2015-02-17_-_22-45_Shakhtar_Donetsk_0_-_0_Bayern_Munich_corner_1.jpg,2015-02-17_-_22-45_Shakhtar_Donetsk_0_-_0_Bayern_Munich,1,0,,,,
2015-02-17_-_22-45_Shakhtar_Donetsk_0_-_0_Bayern_Munich_corner_2.jpg,2015-02-17_-_22-45_Shakhtar_Donetsk_0_-_0_Bayern_Munich,2,0,,,,
2015-02-17_-_22-45_Shakhtar_Donetsk_0_-_0_Bayern_Munich_corner_3.jpg,2015-02-17_-_22-45_Shakhtar_Donetsk_0_-_0_Bayern_Munich,2,0,,,,
2015-02-17_-_22-45_Shakhtar_Donetsk_0_-_0_Bayern_Munich_corner_4.jpg,2015-02-17_-_22-45_Shakhtar_Donetsk_0_-_0_Bayern_Munich,2,0,,,,
2015-02-18_-_22-45_Schalke_0_-_2_Real_Madrid_corner_1.jpg,2015-02-18_-_22-45_Schalke_0_-_2_Real_Madrid,1,0,,,,
2015-02-18_-_22-45_Schalke_0_-_2_Real_Madrid_corner_2.jpg,2015-02-18_-_22-45_Schalke_0_-_2_Real_Madrid,1,0,,,,
2015-02-18_-_22-45_Schalke_0_-_2_Real_Madrid_corner_3.jpg,2015-02-18_-_22-45_Schalke_0_-_2_Real_Madrid,2,0,,,,
2015-02-18_-_22-45_Schalke_0_-_2_Real_Madrid_corner_4.jpg,2015-02-18_-_22-45_Schalke_0_-_2_Real_Madrid,2,0,,,,
2015-02-25_-_22-45_Arsenal_1_-_3_Monaco_corner_1.jpg,2015-02-25_-_22-45_Arsenal_1_-_3_Monaco,1,0,,,,
2015-02-25_-_22-45_Arsenal_1_-_3_Monaco_corner_5.jpg,2015-02-25_-_22-45_Arsenal_1_-_3_Monaco,2,0,,,,
2015-02-25_-_22-45_Arsenal_1_-_3_Monaco_corner_6.jpg,2015-02-25_-_22-45_Arsenal_1_-_3_Monaco,2,1,,,,
2015-02-25_-_22-45_Arsenal_1_-_3_Monaco_corner_7.jpg,2015-02-25_-_22-45_Arsenal_1_-_3_Monaco,2,0,,,,
2016-08-14_-_18-00_Arsenal_3_-_4_Liverpool_corner_1.jpg,2016-08-14_-_18-00_Arsenal_3_-_4_Liverpool,1,0,,,,
2016-08-14_-_18-00_Arsenal_3_-_4_Liverpool_corner_2.jpg,2016-08-14_-_18-00_Arsenal_3_-_4_Liverpool,1,0,,,,
2016-08-14_-_18-00_Arsenal_3_-_4_Liverpool_corner_3.jpg,2016-08-14_-_18-00_Arsenal_3_-_4_Liverpool,1,0,,,,
2016-08-14_-_18-00_Arsenal_3_-_4_Liverpool_corner_8.jpg,2016-08-14_-_18-00_Arsenal_3_-_4_Liverpool,2,0,,,,
2016-08-20_-_17-00_Burnley_2_-_0_Liverpool_corner_7.jpg,2016-08-20_-_17-00_Burnley_2_-_0_Liverpool,2,1,,,,
2016-08-20_-_17-00_Burnley_2_-_0_Liverpool_corner_8.jpg,2016-08-20_-_17-00_Burnley_2_-_0_Liverpool,2,0,,,,
2016-08-20_-_17-00_Burnley_2_-_0_Liverpool_corner_11.jpg,2016-08-20_-_17-00_Burnley_2_-_0_Liverpool,2,0,,,,
2016-08-20_-_17-00_Burnley_2_-_0_Liverpool_corner_12.jpg,2016-08-20_-_17-00_Burnley_2_-_0_Liverpool,2,0,,,,
2016-08-20_-_19-30_Leicester_0_-_0_Arsenal_corner_1.jpg,2016-08-20_-_19-30_Leicester_0_-_0_Arsenal,1,0,,,,
2016-08-20_-_19-30_Leicester_0_-_0_Arsenal_corner_2.jpg,2016-08-20_-_19-30_Leicester_0_-_0_Arsenal,1,0,,,,
2016-08-20_-_19-30_Leicester_0_-_0_Arsenal_corner_3.jpg,2016-08-20_-_19-30_Leicester_0_-_0_Arsenal,1,0,,,,
2016-08-20_-_19-30_Leicester_0_-_0_Arsenal_corner_4.jpg,2016-08-20_-_19-30_Leicester_0_-_0_Arsenal,1,1,,,,
2016-08-20_-_19-30_Leicester_0_-_0_Arsenal_corner_5.jpg,2016-08-20_-_19-30_Leicester_0_-_0_Arsenal,1,0,,,,
2016-08-20_-_19-30_Leicester_0_-_0_Arsenal_corner_6.jpg,2016-08-20_-_19-30_Leicester_0_-_0_Arsenal,2,0,,,,
2016-08-20_-_19-30_Leicester_0_-_0_Arsenal_corner_7.jpg,2016-08-20_-_19-30_Leicester_0_-_0_Arsenal,2,0,,,,
2016-09-10_-_17-00_Arsenal_2_-_1_Southampton_corner_1.jpg,2016-09-10_-_17-00_Arsenal_2_-_1_Southampton,1,1,,,,
2016-09-10_-_17-00_Arsenal_2_-_1_Southampton_corner_2.jpg,2016-09-10_-_17-00_Arsenal_2_-_1_Southampton,1,0,,,,
2016-09-10_-_17-00_Arsenal_2_-_1_Southampton_corner_3.jpg,2016-09-10_-_17-00_Arsenal_2_-_1_Southampton,2,1,,,,
2016-09-10_-_17-00_Arsenal_2_-_1_Southampton_corner_4.jpg,2016-09-10_-_17-00_Arsenal_2_-_1_Southampton,2,1,,,,
2016-09-10_-_17-00_Arsenal_2_-_1_Southampton_corner_5.jpg,2016-09-10_-_17-00_Arsenal_2_-_1_Southampton,2,0,,,,
2016-09-10_-_17-00_Arsenal_2_-_1_Southampton_corner_6.jpg,2016-09-10_-_17-00_Arsenal_2_-_1_Southampton,2,0,,,,
2016-09-10_-_17-00_Arsenal_2_-_1_Southampton_corner_7.jpg,2016-09-10_-_17-00_Arsenal_2_-_1_Southampton,2,1,,,,
2016-09-16_-_22-00_Chelsea_1_-_2_Liverpool_corner_3.jpg,2016-09-16_-_22-00_Chelsea_1_-_2_Liverpool,1,0,,,,
2016-09-16_-_22-00_Chelsea_1_-_2_Liverpool_corner_6.jpg,2016-09-16_-_22-00_Chelsea_1_-_2_Liverpool,1,0,,,,
2016-09-16_-_22-00_Chelsea_1_-_2_Liverpool_corner_7.jpg,2016-09-16_-_22-00_Chelsea_1_-_2_Liverpool,1,0,,,,
2016-09-16_-_22-00_Chelsea_1_-_2_Liverpool_corner_8.jpg,2016-09-16_-_22-00_Chelsea_1_-_2_Liverpool,2,0,,,,
2016-09-16_-_22-00_Chelsea_1_-_2_Liverpool_corner_9.jpg,2016-09-16_-_22-00_Chelsea_1_-_2_Liverpool,2,0,,,,
2016-09-17_-_17-00_Hull_City_1_-_4_Arsenal_corner_1.jpg,2016-09-17_-_17-00_Hull_City_1_-_4_Arsenal,1,0,,,,
2016-09-17_-_17-00_Hull_City_1_-_4_Arsenal_corner_3.jpg,2016-09-17_-_17-00_Hull_City_1_-_4_Arsenal,1,0,,,,
2016-09-17_-_17-00_Hull_City_1_-_4_Arsenal_corner_4.jpg,2016-09-17_-_17-00_Hull_City_1_-_4_Arsenal,1,0,,,,
2016-09-24_-_19-30_Arsenal_3_-_0_Chelsea_corner_1.jpg,2016-09-24_-_19-30_Arsenal_3_-_0_Chelsea,1,0,,,,
2016-09-24_-_19-30_Arsenal_3_-_0_Chelsea_corner_3.jpg,2016-09-24_-_19-30_Arsenal_3_-_0_Chelsea,1,0,,,,
2016-09-24_-_19-30_Arsenal_3_-_0_Chelsea_corner_4.jpg,2016-09-24_-_19-30_Arsenal_3_-_0_Chelsea,1,0,,,,
2016-09-24_-_19-30_Arsenal_3_-_0_Chelsea_corner_5.jpg,2016-09-24_-_19-30_Arsenal_3_-_0_Chelsea,1,0,,,,
2016-09-24_-_19-30_Arsenal_3_-_0_Chelsea_corner_6.jpg,2016-09-24_-_19-30_Arsenal_3_-_0_Chelsea,2,0,,,,
2016-09-24_-_19-30_Arsenal_3_-_0_Chelsea_corner_8.jpg,2016-09-24_-_19-30_Arsenal_3_-_0_Chelsea,2,0,,,,
2016-09-24_-_19-30_Arsenal_3_-_0_Chelsea_corner_10.jpg,2016-09-24_-_19-30_Arsenal_3_-_0_Chelsea,2,0,,,,
2016-10-17_-_22-00_Liverpool_0_-_0_Manchester_United_corner_1.jpg,2016-10-17_-_22-00_Liverpool_0_-_0_Manchester_United,1,0,,,,
2016-10-17_-_22-00_Liverpool_0_-_0_Manchester_United_corner_2.jpg,2016-10-17_-_22-00_Liverpool_0_-_0_Manchester_United,2,0,,,,
2016-10-22_-_19-30_Liverpool_2_-_1_West_Brom_corner_2.jpg,2016-10-22_-_19-30_Liverpool_2_-_1_West_Brom,2,1,,,,
2016-10-22_-_19-30_Liverpool_2_-_1_West_Brom_corner_3.jpg,2016-10-22_-_19-30_Liverpool_2_-_1_West_Brom,2,0,,,,
2016-10-22_-_19-30_Liverpool_2_-_1_West_Brom_corner_4.jpg,2016-10-22_-_19-30_Liverpool_2_-_1_West_Brom,2,0,,,,
2016-10-22_-_19-30_Liverpool_2_-_1_West_Brom_corner_5.jpg,2016-10-22_-_19-30_Liverpool_2_-_1_West_Brom,2,1,,,,
2016-10-29_-_14-30_Sunderland_1_-_4_Arsenal_corner_3.jpg,2016-10-29_-_14-30_Sunderland_1_-_4_Arsenal,1,0,,,,
2016-10-29_-_14-30_Sunderland_1_-_4_Arsenal_corner_4.jpg,2016-10-29_-_14-30_Sunderland_1_-_4_Arsenal,2,1,,,,
2016-10-29_-_17-00_Tottenham_1_-_1_Leicester_corner_2.jpg,2016-10-29_-_17-00_Tottenham_1_-_1_Leicester,1,1,,,,
2016-10-29_-_17-00_Tottenham_1_-_1_Leicester_corner_3.jpg,2016-10-29_-_17-00_Tottenham_1_-_1_Leicester,1,1,,,,
2016-10-29_-_17-00_Tottenham_1_-_1_Leicester_corner_4.jpg,2016-10-29_-_17-00_Tottenham_1_-_1_Leicester,1,1,,,,
2016-10-29_-_17-00_Tottenham_1_-_1_Leicester_corner_6.jpg,2016-10-29_-_17-00_Tottenham_1_-_1_Leicester,2,0,,,,
2016-10-29_-_17-00_Tottenham_1_-_1_Leicester_corner_7.jpg,2016-10-29_-_17-00_Tottenham_1_-_1_Leicester,2,0,,,,
2016-10-29_-_17-00_Tottenham_1_-_1_Leicester_corner_8.jpg,2016-10-29_-_17-00_Tottenham_1_-_1_Leicester,2,0,,,,
2016-10-29_-_17-00_Tottenham_1_-_1_Leicester_corner_9.jpg,2016-10-29_-_17-00_Tottenham_1_-_1_Leicester,2,0,,,,
2016-11-06_-_17-15_Liverpool_6_-_1_Watford_corner_2.jpg,2016-11-06_-_17-15_Liverpool_6_-_1_Watford,1,1,,,,
2016-11-06_-_17-15_Liverpool_6_-_1_Watford_corner_5.jpg,2016-11-06_-_17-15_Liverpool_6_-_1_Watford,2,1,,,,
2016-11-06_-_17-15_Liverpool_6_-_1_Watford_corner_6.jpg,2016-11-06_-_17-15_Liverpool_6_-_1_Watford,2,0,,,,
2016-11-06_-_19-30_Leicester_1_-_2_West_Brom_corner_1.jpg,2016-11-06_-_19-30_Leicester_1_-_2_West_Brom,1,0,,,,
2016-11-06_-_19-30_Leicester_1_-_2_West_Brom_corner_3.jpg,2016-11-06_-_19-30_Leicester_1_-_2_West_Brom,2,0,,,,
2016-11-06_-_19-30_Leicester_1_-_2_West_Brom_corner_4.jpg,2016-11-06_-_19-30_Leicester_1_-_2_West_Brom,2,0,,,,
2016-11-06_-_19-30_Leicester_1_-_2_West_Brom_corner_6.jpg,2016-11-06_-_19-30_Leicester_1_-_2_West_Brom,2,0,,,,
2016-11-06_-_19-30_Leicester_1_-_2_West_Brom_corner_8.jpg,2016-11-06_-_19-30_Leicester_1_-_2_West_Brom,2,0,,,,
2016-11-06_-_19-30_Leicester_1_-_2_West_Brom_corner_9.jpg,2016-11-06_-_19-30_Leicester_1_-_2_West_Brom,2,1,,,,
2016-11-19_-_18-00_Southampton_0_-_0_Liverpool_corner_8.jpg,2016-11-19_-_18-00_Southampton_0_-_0_Liverpool,2,1,,,,
2016-11-19_-_18-00_Southampton_0_-_0_Liverpool_corner_9.jpg,2016-11-19_-_18-00_Southampton_0_-_0_Liverpool,2,1,,,,
2016-11-26_-_18-00_Liverpool_2_-_0_Sunderland_corner_1.jpg,2016-11-26_-_18-00_Liverpool_2_-_0_Sunderland,1,0,,,,
2016-11-26_-_18-00_Liverpool_2_-_0_Sunderland_corner_2.jpg,2016-11-26_-_18-00_Liverpool_2_-_0_Sunderland,1,0,,,,
2016-11-26_-_18-00_Liverpool_2_-_0_Sunderland_corner_3.jpg,2016-11-26_-_18-00_Liverpool_2_-_0_Sunderland,1,0,,,,
2016-11-26_-_18-00_Liverpool_2_-_0_Sunderland_corner_4.jpg,2016-11-26_-_18-00_Liverpool_2_-_0_Sunderland,1,0,,,,
2016-11-26_-_18-00_Liverpool_2_-_0_Sunderland_corner_5.jpg,2016-11-26_-_18-00_Liverpool_2_-_0_Sunderland,1,0,,,,
2016-11-26_-_18-00_Liverpool_2_-_0_Sunderland_corner_6.jpg,2016-11-26_-_18-00_Liverpool_2_-_0_Sunderland,1,1,,,,
2016-11-26_-_18-00_Liverpool_2_-_0_Sunderland_corner_8.jpg,2016-11-26_-_18-00_Liverpool_2_-_0_Sunderland,2,0,,,,
2016-11-26_-_18-00_Liverpool_2_-_0_Sunderland_corner_9.jpg,2016-11-26_-_18-00_Liverpool_2_-_0_Sunderland,2,1,,,,
2016-11-26_-_18-00_Liverpool_2_-_0_Sunderland_corner_10.jpg,2016-11-26_-_18-00_Liverpool_2_-_0_Sunderland,2,0,,,,
2016-11-26_-_18-00_Liverpool_2_-_0_Sunderland_corner_11.jpg,2016-11-26_-_18-00_Liverpool_2_-_0_Sunderland,2,0,,,,
2016-11-26_-_18-00_Liverpool_2_-_0_Sunderland_corner_12.jpg,2016-11-26_-_18-00_Liverpool_2_-_0_Sunderland,2,1,,,,
2016-11-26_-_18-00_Liverpool_2_-_0_Sunderland_corner_13.jpg,2016-11-26_-_18-00_Liverpool_2_-_0_Sunderland,2,0,,,,
2016-12-10_-_20-30_Leicester_4_-_2_Manchester_City_corner_1.jpg,2016-12-10_-_20-30_Leicester_4_-_2_Manchester_City,1,0,,,,
2016-12-10_-_20-30_Leicester_4_-_2_Manchester_City_corner_2.jpg,2016-12-10_-_20-30_Leicester_4_-_2_Manchester_City,1,0,,,,
2016-12-10_-_20-30_Leicester_4_-_2_Manchester_City_corner_3.jpg,2016-12-10_-_20-30_Leicester_4_-_2_Manchester_City,1,0,,,,
2016-12-10_-_20-30_Leicester_4_-_2_Manchester_City_corner_5.jpg,2016-12-10_-_20-30_Leicester_4_-_2_Manchester_City,1,0,,,,
2016-12-10_-_20-30_Leicester_4_-_2_Manchester_City_corner_6.jpg,2016-12-10_-_20-30_Leicester_4_-_2_Manchester_City,1,0,,,,
2016-12-10_-_20-30_Leicester_4_-_2_Manchester_City_corner_7.jpg,2016-12-10_-_20-30_Leicester_4_-_2_Manchester_City,1,0,,,,
2016-12-10_-_20-30_Leicester_4_-_2_Manchester_City_corner_8.jpg,2016-12-10_-_20-30_Leicester_4_-_2_Manchester_City,1,0,,,,
2016-12-10_-_20-30_Leicester_4_-_2_Manchester_City_corner_9.jpg,2016-12-10_-_20-30_Leicester_4_-_2_Manchester_City,2,1,,,,
2016-12-10_-_20-30_Leicester_4_-_2_Manchester_City_corner_10.jpg,2016-12-10_-_20-30_Leicester_4_-_2_Manchester_City,2,0,,,,
2016-12-10_-_20-30_Leicester_4_-_2_Manchester_City_corner_12.jpg,2016-12-10_-_20-30_Leicester_4_-_2_Manchester_City,2,0,,,,
2016-12-10_-_20-30_Leicester_4_-_2_Manchester_City_corner_14.jpg,2016-12-10_-_20-30_Leicester_4_-_2_Manchester_City,2,0,,,,
2016-12-11_-_19-30_Liverpool_2_-_2_West_Ham_corner_2.jpg,2016-12-11_-_19-30_Liverpool_2_-_2_West_Ham,1,0,,,,
2016-12-11_-_19-30_Liverpool_2_-_2_West_Ham_corner_5.jpg,2016-12-11_-_19-30_Liverpool_2_-_2_West_Ham,1,0,,,,
2016-12-11_-_19-30_Liverpool_2_-_2_West_Ham_corner_6.jpg,2016-12-11_-_19-30_Liverpool_2_-_2_West_Ham,1,1,,,,
2016-12-11_-_19-30_Liverpool_2_-_2_West_Ham_corner_7.jpg,2016-12-11_-_19-30_Liverpool_2_-_2_West_Ham,2,0,,,,
2016-12-11_-_19-30_Liverpool_2_-_2_West_Ham_corner_8.jpg,2016-12-11_-_19-30_Liverpool_2_-_2_West_Ham,2,0,,,,
2016-12-11_-_19-30_Liverpool_2_-_2_West_Ham_corner_9.jpg,2016-12-11_-_19-30_Liverpool_2_-_2_West_Ham,2,0,,,,
2016-12-11_-_19-30_Liverpool_2_-_2_West_Ham_corner_10.jpg,2016-12-11_-_19-30_Liverpool_2_-_2_West_Ham,2,0,,,,
2016-12-11_-_19-30_Liverpool_2_-_2_West_Ham_corner_11.jpg,2016-12-11_-_19-30_Liverpool_2_-_2_West_Ham,2,0,,,,
2016-12-14_-_22-45_Middlesbrough_0_-_3_Liverpool_corner_1.jpg,2016-12-14_-_22-45_Middlesbrough_0_-_3_Liverpool,1,0,,,,
2016-12-14_-_22-45_Middlesbrough_0_-_3_Liverpool_corner_3.jpg,2016-12-14_-_22-45_Middlesbrough_0_-_3_Liverpool,1,0,,,,
2016-12-14_-_22-45_Middlesbrough_0_-_3_Liverpool_corner_4.jpg,2016-12-14_-_22-45_Middlesbrough_0_-_3_Liverpool,1,0,,,,
2016-12-19_-_23-00_Everton_0_-_1_Liverpool_corner_1.jpg,2016-12-19_-_23-00_Everton_0_-_1_Liverpool,1,1,,,,
2016-12-19_-_23-00_Everton_0_-_1_Liverpool_corner_2.jpg,2016-12-19_-_23-00_Everton_0_-_1_Liverpool,2,0,,,,
2016-12-19_-_23-00_Everton_0_-_1_Liverpool_corner_4.jpg,2016-12-19_-_23-00_Everton_0_-_1_Liverpool,2,0,,,,
2016-12-19_-_23-00_Everton_0_-_1_Liverpool_corner_5.jpg,2016-12-19_-_23-00_Everton_0_-_1_Liverpool,2,0,,,,
2016-12-27_-_20-15_Liverpool_4_-_1_Stoke_City_corner_3.jpg,2016-12-27_-_20-15_Liverpool_4_-_1_Stoke_City,1,1,,,,
2016-12-27_-_20-15_Liverpool_4_-_1_Stoke_City_corner_7.jpg,2016-12-27_-_20-15_Liverpool_4_-_1_Stoke_City,2,0,,,,
2016-12-31_-_20-30_Liverpool_1_-_0_Manchester_City_corner_1.jpg,2016-12-31_-_20-30_Liverpool_1_-_0_Manchester_City,1,0,,,,
2016-12-31_-_20-30_Liverpool_1_-_0_Manchester_City_corner_2.jpg,2016-12-31_-_20-30_Liverpool_1_-_0_Manchester_City,1,0,,,,
2017-01-02_-_15-30_Middlesbrough_0_-_0_Leicester_corner_4.jpg,2017-01-02_-_15-30_Middlesbrough_0_-_0_Leicester,2,0,,,,
2017-01-02_-_18-00_Sunderland_2_-_2_Liverpool_corner_1.jpg,2017-01-02_-_18-00_Sunderland_2_-_2_Liverpool,1,0,,,,
2017-01-02_-_18-00_Sunderland_2_-_2_Liverpool_corner_2.jpg,2017-01-02_-_18-00_Sunderland_2_-_2_Liverpool,1,1,,,,
2017-01-02_-_18-00_Sunderland_2_-_2_Liverpool_corner_3.jpg,2017-01-02_-_18-00_Sunderland_2_-_2_Liverpool,1,0,,,,
2017-01-14_-_20-30_Leicester_0_-_3_Chelsea_corner_2.jpg,2017-01-14_-_20-30_Leicester_0_-_3_Chelsea,1,0,,,,
2017-01-14_-_20-30_Leicester_0_-_3_Chelsea_corner_4.jpg,2017-01-14_-_20-30_Leicester_0_-_3_Chelsea,1,0,,,,
2017-01-14_-_20-30_Leicester_0_-_3_Chelsea_corner_5.jpg,2017-01-14_-_20-30_Leicester_0_-_3_Chelsea,2,1,,,,
2017-01-14_-_20-30_Leicester_0_-_3_Chelsea_corner_6.jpg,2017-01-14_-_20-30_Leicester_0_-_3_Chelsea,2,0,,,,
2017-01-14_-_20-30_Leicester_0_-_3_Chelsea_corner_8.jpg,2017-01-14_-_20-30_Leicester_0_-_3_Chelsea,2,1,,,,
2017-01-15_-_19-00_Manchester_United_1_-_1_Liverpool_corner_3.jpg,2017-01-15_-_19-00_Manchester_United_1_-_1_Liverpool,1,0,,,,
2017-01-15_-_19-00_Manchester_United_1_-_1_Liverpool_corner_5.jpg,2017-01-15_-_19-00_Manchester_United_1_-_1_Liverpool,1,0,,,,
2017-01-15_-_19-00_Manchester_United_1_-_1_Liverpool_corner_12.jpg,2017-01-15_-_19-00_Manchester_United_1_-_1_Liverpool,2,0,,,,
2017-01-31_-_23-00_Liverpool_1_-_1_Chelsea_corner_2.jpg,2017-01-31_-_23-00_Liverpool_1_-_1_Chelsea,1,0,,,,
2017-01-31_-_23-00_Liverpool_1_-_1_Chelsea_corner_3.jpg,2017-01-31_-_23-00_Liverpool_1_-_1_Chelsea,1,0,,,,
2017-01-31_-_23-00_Liverpool_1_-_1_Chelsea_corner_4.jpg,2017-01-31_-_23-00_Liverpool_1_-_1_Chelsea,1,0,,,,
2017-01-31_-_23-00_Liverpool_1_-_1_Chelsea_corner_5.jpg,2017-01-31_-_23-00_Liverpool_1_-_1_Chelsea,1,0,,,,
2017-01-31_-_23-00_Liverpool_1_-_1_Chelsea_corner_6.jpg,2017-01-31_-_23-00_Liverpool_1_-_1_Chelsea,2,0,,,,
2017-02-27_-_23-00_Leicester_3_-_1_Liverpool_corner_3.jpg,2017-02-27_-_23-00_Leicester_3_-_1_Liverpool,1,1,,,,
2017-02-27_-_23-00_Leicester_3_-_1_Liverpool_corner_4.jpg,2017-02-27_-_23-00_Leicester_3_-_1_Liverpool,1,0,,,,
2017-02-27_-_23-00_Leicester_3_-_1_Liverpool_corner_6.jpg,2017-02-27_-_23-00_Leicester_3_-_1_Liverpool,1,0,,,,
2017-02-27_-_23-00_Leicester_3_-_1_Liverpool_corner_7.jpg,2017-02-27_-_23-00_Leicester_3_-_1_Liverpool,1,0,,,,
2017-02-27_-_23-00_Leicester_3_-_1_Liverpool_corner_10.jpg,2017-02-27_-_23-00_Leicester_3_-_1_Liverpool,1,0,,,,
2017-02-27_-_23-00_Leicester_3_-_1_Liverpool_corner_11.jpg,2017-02-27_-_23-00_Leicester_3_-_1_Liverpool,2,0,,,,
2017-02-27_-_23-00_Leicester_3_-_1_Liverpool_corner_12.jpg,2017-02-27_-_23-00_Leicester_3_-_1_Liverpool,2,1,,,,
2017-02-27_-_23-00_Leicester_3_-_1_Liverpool_corner_13.jpg,2017-02-27_-_23-00_Leicester_3_-_1_Liverpool,2,0,,,,
2017-02-27_-_23-00_Leicester_3_-_1_Liverpool_corner_14.jpg,2017-02-27_-_23-00_Leicester_3_-_1_Liverpool,2,1,,,,
2017-02-27_-_23-00_Leicester_3_-_1_Liverpool_corner_15.jpg,2017-02-27_-_23-00_Leicester_3_-_1_Liverpool,2,0,,,,
2017-02-27_-_23-00_Leicester_3_-_1_Liverpool_corner_16.jpg,2017-02-27_-_23-00_Leicester_3_-_1_Liverpool,2,0,,,,
2017-04-26_-_21-45_Arsenal_1_-_0_Leicester_corner_1.jpg,2017-04-26_-_21-45_Arsenal_1_-_0_Leicester,1,1,,,,
2017-04-26_-_21-45_Arsenal_1_-_0_Leicester_corner_2.jpg,2017-04-26_-_21-45_Arsenal_1_-_0_Leicester,1,0,,,,
2017-04-26_-_21-45_Arsenal_1_-_0_Leicester_corner_6.jpg,2017-04-26_-_21-45_Arsenal_1_-_0_Leicester,2,0,,,,
2017-04-26_-_21-45_Arsenal_1_-_0_Leicester_corner_8.jpg,2017-04-26_-_21-45_Arsenal_1_-_0_Leicester,2,0,,,,
2017-04-26_-_21-45_Arsenal_1_-_0_Leicester_corner_11.jpg,2017-04-26_-_21-45_Arsenal_1_-_0_Leicester,2,0,,,,
2017-05-13_-_14-30_Manchester_City_2_-_1_Leicester_corner_2.jpg,2017-05-13_-_14-30_Manchester_City_2_-_1_Leicester,1,1,,,,
2017-05-13_-_14-30_Manchester_City_2_-_1_Leicester_corner_4.jpg,2017-05-13_-_14-30_Manchester_City_2_-_1_Leicester,1,0,,,,
2017-05-13_-_14-30_Manchester_City_2_-_1_Leicester_corner_12.jpg,2017-05-13_-_14-30_Manchester_City_2_-_1_Leicester,2,0,,,,
2015-08-08_-_19-30_Chelsea_2_-_2_Swansea_corner_1.jpg,2015-08-08_-_19-30_Chelsea_2_-_2_Swansea,1,0,,,,
2015-08-08_-_19-30_Chelsea_2_-_2_Swansea_corner_9.jpg,2015-08-08_-_19-30_Chelsea_2_-_2_Swansea,2,0,,,,
2015-08-29_-_17-00_Chelsea_1_-_2_Crystal_Palace_corner_1.jpg,2015-08-29_-_17-00_Chelsea_1_-_2_Crystal_Palace,1,0,,,,
2015-08-29_-_17-00_Chelsea_1_-_2_Crystal_Palace_corner_2.jpg,2015-08-29_-_17-00_Chelsea_1_-_2_Crystal_Palace,1,0,,,,
2015-08-29_-_17-00_Chelsea_1_-_2_Crystal_Palace_corner_3.jpg,2015-08-29_-_17-00_Chelsea_1_-_2_Crystal_Palace,1,0,,,,
2015-08-29_-_17-00_Chelsea_1_-_2_Crystal_Palace_corner_4.jpg,2015-08-29_-_17-00_Chelsea_1_-_2_Crystal_Palace,1,0,,,,
2015-08-29_-_17-00_Chelsea_1_-_2_Crystal_Palace_corner_5.jpg,2015-08-29_-_17-00_Chelsea_1_-_2_Crystal_Palace,1,0,,,,
2015-08-29_-_17-00_Chelsea_1_-_2_Crystal_Palace_corner_6.jpg,2015-08-29_-_17-00_Chelsea_1_-_2_Crystal_Palace,1,1,,,,
2015-08-29_-_17-00_Chelsea_1_-_2_Crystal_Palace_corner_7.jpg,2015-08-29_-_17-00_Chelsea_1_-_2_Crystal_Palace,1,1,,,,
2015-08-29_-_17-00_Chelsea_1_-_2_Crystal_Palace_corner_8.jpg,2015-08-29_-_17-00_Chelsea_1_-_2_Crystal_Palace,1,1,,,,
2015-08-29_-_17-00_Chelsea_1_-_2_Crystal_Palace_corner_9.jpg,2015-08-29_-_17-00_Chelsea_1_-_2_Crystal_Palace,1,0,,,,
2015-08-29_-_17-00_Chelsea_1_-_2_Crystal_Palace_corner_11.jpg,2015-08-29_-_17-00_Chelsea_1_-_2_Crystal_Palace,2,0,,,,
2015-08-29_-_17-00_Chelsea_1_-_2_Crystal_Palace_corner_12.jpg,2015-08-29_-_17-00_Chelsea_1_-_2_Crystal_Palace,2,0,,,,
2015-08-29_-_17-00_Chelsea_1_-_2_Crystal_Palace_corner_14.jpg,2015-08-29_-_17-00_Chelsea_1_-_2_Crystal_Palace,2,0,,,,
2015-08-29_-_17-00_Manchester_City_2_-_0_Watford_corner_1.jpg,2015-08-29_-_17-00_Manchester_City_2_-_0_Watford,1,0,,,,
2015-08-29_-_17-00_Manchester_City_2_-_0_Watford_corner_4.jpg,2015-08-29_-_17-00_Manchester_City_2_-_0_Watford,1,0,,,,
2015-08-29_-_17-00_Manchester_City_2_-_0_Watford_corner_5.jpg,2015-08-29_-_17-00_Manchester_City_2_-_0_Watford,1,0,,,,
2015-08-29_-_17-00_Manchester_City_2_-_0_Watford_corner_6.jpg,2015-08-29_-_17-00_Manchester_City_2_-_0_Watford,1,0,,,,
2015-08-29_-_17-00_Manchester_City_2_-_0_Watford_corner_9.jpg,2015-08-29_-_17-00_Manchester_City_2_-_0_Watford,2,0,,,,
2015-08-29_-_17-00_Manchester_City_2_-_0_Watford_corner_11.jpg,2015-08-29_-_17-00_Manchester_City_2_-_0_Watford,2,0,,,,
2015-09-12_-_14-45_Everton_3_-_1_Chelsea_corner_2.jpg,2015-09-12_-_14-45_Everton_3_-_1_Chelsea,1,0,,,,
2015-09-12_-_14-45_Everton_3_-_1_Chelsea_corner_5.jpg,2015-09-12_-_14-45_Everton_3_-_1_Chelsea,1,0,,,,
2015-09-12_-_14-45_Everton_3_-_1_Chelsea_corner_6.jpg,2015-09-12_-_14-45_Everton_3_-_1_Chelsea,1,0,,,,
2015-09-12_-_14-45_Everton_3_-_1_Chelsea_corner_7.jpg,2015-09-12_-_14-45_Everton_3_-_1_Chelsea,1,0,,,,
2015-09-12_-_14-45_Everton_3_-_1_Chelsea_corner_8.jpg,2015-09-12_-_14-45_Everton_3_-_1_Chelsea,1,0,,,,
2015-09-12_-_14-45_Everton_3_-_1_Chelsea_corner_9.jpg,2015-09-12_-_14-45_Everton_3_-_1_Chelsea,1,1,,,,
2015-09-12_-_14-45_Everton_3_-_1_Chelsea_corner_10.jpg,2015-09-12_-_14-45_Everton_3_-_1_Chelsea,1,0,,,,
2015-09-12_-_14-45_Everton_3_-_1_Chelsea_corner_11.jpg,2015-09-12_-_14-45_Everton_3_-_1_Chelsea,1,0,,,,
2015-09-12_-_14-45_Everton_3_-_1_Chelsea_corner_12.jpg,2015-09-12_-_14-45_Everton_3_-_1_Chelsea,1,1,,,,
2015-09-12_-_14-45_Everton_3_-_1_Chelsea_corner_14.jpg,2015-09-12_-_14-45_Everton_3_-_1_Chelsea,2,1,,,,
2015-09-12_-_14-45_Everton_3_-_1_Chelsea_corner_15.jpg,2015-09-12_-_14-45_Everton_3_-_1_Chelsea,2,0,,,,
2015-09-12_-_14-45_Everton_3_-_1_Chelsea_corner_16.jpg,2015-09-12_-_14-45_Everton_3_-_1_Chelsea,2,0,,,,
2015-09-12_-_14-45_Everton_3_-_1_Chelsea_corner_17.jpg,2015-09-12_-_14-45_Everton_3_-_1_Chelsea,2,0,,,,
2015-09-12_-_14-45_Everton_3_-_1_Chelsea_corner_18.jpg,2015-09-12_-_14-45_Everton_3_-_1_Chelsea,2,0,,,,
2015-09-12_-_14-45_Everton_3_-_1_Chelsea_corner_20.jpg,2015-09-12_-_14-45_Everton_3_-_1_Chelsea,2,0,,,,
2015-09-12_-_14-45_Everton_3_-_1_Chelsea_corner_21.jpg,2015-09-12_-_14-45_Everton_3_-_1_Chelsea,2,0,,,,
2015-09-12_-_17-00_Crystal_Palace_0_-_1_Manchester_City_corner_2.jpg,2015-09-12_-_17-00_Crystal_Palace_0_-_1_Manchester_City,1,0,,,,
2015-09-12_-_17-00_Crystal_Palace_0_-_1_Manchester_City_corner_3.jpg,2015-09-12_-_17-00_Crystal_Palace_0_-_1_Manchester_City,2,0,,,,
2015-09-12_-_17-00_Crystal_Palace_0_-_1_Manchester_City_corner_5.jpg,2015-09-12_-_17-00_Crystal_Palace_0_-_1_Manchester_City,2,0,,,,
2015-09-12_-_17-00_Crystal_Palace_0_-_1_Manchester_City_corner_8.jpg,2015-09-12_-_17-00_Crystal_Palace_0_-_1_Manchester_City,2,0,,,,
2015-09-19_-_19-30_Manchester_City_1_-_2_West_Ham_corner_3.jpg,2015-09-19_-_19-30_Manchester_City_1_-_2_West_Ham,1,0,,,,
2015-09-19_-_19-30_Manchester_City_1_-_2_West_Ham_corner_4.jpg,2015-09-19_-_19-30_Manchester_City_1_-_2_West_Ham,1,1,,,,
2015-09-19_-_19-30_Manchester_City_1_-_2_West_Ham_corner_5.jpg,2015-09-19_-_19-30_Manchester_City_1_-_2_West_Ham,2,0,,,,
2015-09-19_-_19-30_Manchester_City_1_-_2_West_Ham_corner_6.jpg,2015-09-19_-_19-30_Manchester_City_1_-_2_West_Ham,2,0,,,,
2015-09-19_-_19-30_Manchester_City_1_-_2_West_Ham_corner_9.jpg,2015-09-19_-_19-30_Manchester_City_1_-_2_West_Ham,2,0,,,,
2015-09-19_-_19-30_Manchester_City_1_-_2_West_Ham_corner_10.jpg,2015-09-19_-_19-30_Manchester_City_1_-_2_West_Ham,2,0,,,,
2015-09-19_-_19-30_Manchester_City_1_-_2_West_Ham_corner_11.jpg,2015-09-19_-_19-30_Manchester_City_1_-_2_West_Ham,2,0,,,,
2015-09-19_-_19-30_Manchester_City_1_-_2_West_Ham_corner_12.jpg,2015-09-19_-_19-30_Manchester_City_1_-_2_West_Ham,2,0,,,,
2015-09-19_-_19-30_Manchester_City_1_-_2_West_Ham_corner_13.jpg,2015-09-19_-_19-30_Manchester_City_1_-_2_West_Ham,2,0,,,,
2015-09-19_-_19-30_Manchester_City_1_-_2_West_Ham_corner_14.jpg,2015-09-19_-_19-30_Manchester_City_1_-_2_West_Ham,2,1,,,,
2015-09-19_-_19-30_Manchester_City_1_-_2_West_Ham_corner_17.jpg,2015-09-19_-_19-30_Manchester_City_1_-_2_West_Ham,2,0,,,,
2015-09-26_-_17-00_Liverpool_3_-_2_Aston_Villa_corner_1.jpg,2015-09-26_-_17-00_Liverpool_3_-_2_Aston_Villa,1,0,,,,
2015-09-26_-_17-00_Liverpool_3_-_2_Aston_Villa_corner_2.jpg,2015-09-26_-_17-00_Liverpool_3_-_2_Aston_Villa,1,0,,,,
2015-09-26_-_17-00_Liverpool_3_-_2_Aston_Villa_corner_3.jpg,2015-09-26_-_17-00_Liverpool_3_-_2_Aston_Villa,1,0,,,,
2015-09-26_-_17-00_Liverpool_3_-_2_Aston_Villa_corner_4.jpg,2015-09-26_-_17-00_Liverpool_3_-_2_Aston_Villa,1,0,,,,
2015-09-26_-_17-00_Liverpool_3_-_2_Aston_Villa_corner_5.jpg,2015-09-26_-_17-00_Liverpool_3_-_2_Aston_Villa,1,0,,,,
2015-09-26_-_17-00_Liverpool_3_-_2_Aston_Villa_corner_6.jpg,2015-09-26_-_17-00_Liverpool_3_-_2_Aston_Villa,1,0,,,,
2015-09-26_-_17-00_Liverpool_3_-_2_Aston_Villa_corner_7.jpg,2015-09-26_-_17-00_Liverpool_3_-_2_Aston_Villa,1,1,,,,
2015-09-26_-_17-00_Liverpool_3_-_2_Aston_Villa_corner_8.jpg,2015-09-26_-_17-00_Liverpool_3_-_2_Aston_Villa,2,0,,,,
2015-09-26_-_17-00_Liverpool_3_-_2_Aston_Villa_corner_9.jpg,2015-09-26_-_17-00_Liverpool_3_-_2_Aston_Villa,2,0,,,,
2015-09-26_-_17-00_Liverpool_3_-_2_Aston_Villa_corner_10.jpg,2015-09-26_-_17-00_Liverpool_3_-_2_Aston_Villa,2,1,,,,
2015-09-26_-_17-00_Liverpool_3_-_2_Aston_Villa_corner_11.jpg,2015-09-26_-_17-00_Liverpool_3_-_2_Aston_Villa,2,0,,,,
2015-09-26_-_17-00_Liverpool_3_-_2_Aston_Villa_corner_12.jpg,2015-09-26_-_17-00_Liverpool_3_-_2_Aston_Villa,2,0,,,,
2015-10-17_-_17-00_Chelsea_2_-_0_Aston_Villa_corner_1.jpg,2015-10-17_-_17-00_Chelsea_2_-_0_Aston_Villa,1,0,,,,
2015-10-17_-_17-00_Chelsea_2_-_0_Aston_Villa_corner_2.jpg,2015-10-17_-_17-00_Chelsea_2_-_0_Aston_Villa,1,0,,,,
2015-10-17_-_17-00_Chelsea_2_-_0_Aston_Villa_corner_3.jpg,2015-10-17_-_17-00_Chelsea_2_-_0_Aston_Villa,1,0,,,,
2015-10-17_-_17-00_Chelsea_2_-_0_Aston_Villa_corner_5.jpg,2015-10-17_-_17-00_Chelsea_2_-_0_Aston_Villa,2,1,,,,
2015-10-17_-_17-00_Chelsea_2_-_0_Aston_Villa_corner_6.jpg,2015-10-17_-_17-00_Chelsea_2_-_0_Aston_Villa,2,0,,,,
2015-10-17_-_17-00_Chelsea_2_-_0_Aston_Villa_corner_7.jpg,2015-10-17_-_17-00_Chelsea_2_-_0_Aston_Villa,2,0,,,,
2015-10-31_-_15-45_Chelsea_1_-_3_Liverpool_corner_1.jpg,2015-10-31_-_15-45_Chelsea_1_-_3_Liverpool,1,0,,,,
2015-10-31_-_15-45_Chelsea_1_-_3_Liverpool_corner_3.jpg,2015-10-31_-_15-45_Chelsea_1_-_3_Liverpool,2,0,,,,
2015-10-31_-_15-45_Chelsea_1_-_3_Liverpool_corner_4.jpg,2015-10-31_-_15-45_Chelsea_1_-_3_Liverpool,2,1,,,,
2015-10-31_-_15-45_Chelsea_1_-_3_Liverpool_corner_6.jpg,2015-10-31_-_15-45_Chelsea_1_-_3_Liverpool,2,0,,,,
2015-11-07_-_18-00_Manchester_United_2_-_0_West_Brom_corner_1.jpg,2015-11-07_-_18-00_Manchester_United_2_-_0_West_Brom,1,1,,,,
2015-11-07_-_18-00_Manchester_United_2_-_0_West_Brom_corner_2.jpg,2015-11-07_-_18-00_Manchester_United_2_-_0_West_Brom,1,0,,,,
2015-11-07_-_18-00_Manchester_United_2_-_0_West_Brom_corner_3.jpg,2015-11-07_-_18-00_Manchester_United_2_-_0_West_Brom,1,0,,,,
2015-11-07_-_18-00_Manchester_United_2_-_0_West_Brom_corner_4.jpg,2015-11-07_-_18-00_Manchester_United_2_-_0_West_Brom,2,0,,,,
2015-11-07_-_18-00_Manchester_United_2_-_0_West_Brom_corner_5.jpg,2015-11-07_-_18-00_Manchester_United_2_-_0_West_Brom,2,0,,,,
2015-11-07_-_18-00_Manchester_United_2_-_0_West_Brom_corner_6.jpg,2015-11-07_-_18-00_Manchester_United_2_-_0_West_Brom,2,0,,,,
2015-11-21_-_20-30_Manchester_City_1_-_4_Liverpool_corner_1.jpg,2015-11-21_-_20-30_Manchester_City_1_-_4_Liverpool,1,0,,,,
2015-11-21_-_20-30_Manchester_City_1_-_4_Liverpool_corner_4.jpg,2015-11-21_-_20-30_Manchester_City_1_-_4_Liverpool,1,0,,,,
2015-11-21_-_20-30_Manchester_City_1_-_4_Liverpool_corner_5.jpg,2015-11-21_-_20-30_Manchester_City_1_-_4_Liverpool,1,0,,,,
2015-11-21_-_20-30_Manchester_City_1_-_4_Liverpool_corner_6.jpg,2015-11-21_-_20-30_Manchester_City_1_-_4_Liverpool,2,1,,,,
2015-11-21_-_20-30_Manchester_City_1_-_4_Liverpool_corner_8.jpg,2015-11-21_-_20-30_Manchester_City_1_-_4_Liverpool,2,1,,,,
2015-11-21_-_20-30_Manchester_City_1_-_4_Liverpool_corner_10.jpg,2015-11-21_-_20-30_Manchester_City_1_-_4_Liverpool,2,1,,,,
2015-11-29_-_15-00_Tottenham_0_-_0_Chelsea_corner_1.jpg,2015-11-29_-_15-00_Tottenham_0_-_0_Chelsea,1,0,,,,
2015-11-29_-_15-00_Tottenham_0_-_0_Chelsea_corner_3.jpg,2015-11-29_-_15-00_Tottenham_0_-_0_Chelsea,1,0,,,,
2015-11-29_-_15-00_Tottenham_0_-_0_Chelsea_corner_4.jpg,2015-11-29_-_15-00_Tottenham_0_-_0_Chelsea,1,0,,,,
2015-12-05_-_20-30_Chelsea_0_-_1_Bournemouth_corner_1.jpg,2015-12-05_-_20-30_Chelsea_0_-_1_Bournemouth,1,0,,,,
2015-12-05_-_20-30_Chelsea_0_-_1_Bournemouth_corner_3.jpg,2015-12-05_-_20-30_Chelsea_0_-_1_Bournemouth,1,0,,,,
2015-12-05_-_20-30_Chelsea_0_-_1_Bournemouth_corner_4.jpg,2015-12-05_-_20-30_Chelsea_0_-_1_Bournemouth,1,0,,,,
2015-12-05_-_20-30_Chelsea_0_-_1_Bournemouth_corner_5.jpg,2015-12-05_-_20-30_Chelsea_0_-_1_Bournemouth,2,0,,,,
2015-12-05_-_20-30_Chelsea_0_-_1_Bournemouth_corner_7.jpg,2015-12-05_-_20-30_Chelsea_0_-_1_Bournemouth,2,1,,,,
2015-12-05_-_20-30_Chelsea_0_-_1_Bournemouth_corner_8.jpg,2015-12-05_-_20-30_Chelsea_0_-_1_Bournemouth,2,0,,,,
2015-12-05_-_20-30_Chelsea_0_-_1_Bournemouth_corner_9.jpg,2015-12-05_-_20-30_Chelsea_0_-_1_Bournemouth,2,0,,,,
2015-12-05_-_20-30_Chelsea_0_-_1_Bournemouth_corner_11.jpg,2015-12-05_-_20-30_Chelsea_0_-_1_Bournemouth,2,0,,,,
2015-12-19_-_18-00_Chelsea_3_-_1_Sunderland_corner_1.jpg,2015-12-19_-_18-00_Chelsea_3_-_1_Sunderland,1,1,,,,
2015-12-19_-_18-00_Chelsea_3_-_1_Sunderland_corner_2.jpg,2015-12-19_-_18-00_Chelsea_3_-_1_Sunderland,1,0,,,,
2015-12-19_-_18-00_Chelsea_3_-_1_Sunderland_corner_4.jpg,2015-12-19_-_18-00_Chelsea_3_-_1_Sunderland,2,0,,,,
2015-12-26_-_18-00_Manchester_City_4_-_1_Sunderland_corner_1.jpg,2015-12-26_-_18-00_Manchester_City_4_-_1_Sunderland,1,1,,,,
2015-12-26_-_18-00_Manchester_City_4_-_1_Sunderland_corner_3.jpg,2015-12-26_-_18-00_Manchester_City_4_-_1_Sunderland,2,0,,,,
2015-12-26_-_18-00_Manchester_City_4_-_1_Sunderland_corner_4.jpg,2015-12-26_-_18-00_Manchester_City_4_-_1_Sunderland,2,0,,,,
2015-12-26_-_18-00_Manchester_City_4_-_1_Sunderland_corner_5.jpg,2015-12-26_-_18-00_Manchester_City_4_-_1_Sunderland,2,0,,,,
2016-01-03_-_16-30_Crystal_Palace_0_-_3_Chelsea_corner_1.jpg,2016-01-03_-_16-30_Crystal_Palace_0_-_3_Chelsea,1,0,,,,
2016-01-03_-_16-30_Crystal_Palace_0_-_3_Chelsea_corner_3.jpg,2016-01-03_-_16-30_Crystal_Palace_0_-_3_Chelsea,1,0,,,,
2016-01-03_-_16-30_Crystal_Palace_0_-_3_Chelsea_corner_4.jpg,2016-01-03_-_16-30_Crystal_Palace_0_-_3_Chelsea,1,0,,,,
2016-01-03_-_16-30_Crystal_Palace_0_-_3_Chelsea_corner_5.jpg,2016-01-03_-_16-30_Crystal_Palace_0_-_3_Chelsea,1,0,,,,
2016-01-03_-_16-30_Crystal_Palace_0_-_3_Chelsea_corner_10.jpg,2016-01-03_-_16-30_Crystal_Palace_0_-_3_Chelsea,2,0,,,,
2016-01-13_-_22-45_Chelsea_2_-_2_West_Brom_corner_4.jpg,2016-01-13_-_22-45_Chelsea_2_-_2_West_Brom,1,0,,,,
2016-01-13_-_22-45_Chelsea_2_-_2_West_Brom_corner_5.jpg,2016-01-13_-_22-45_Chelsea_2_-_2_West_Brom,1,0,,,,
2016-01-13_-_22-45_Chelsea_2_-_2_West_Brom_corner_8.jpg,2016-01-13_-_22-45_Chelsea_2_-_2_West_Brom,2,0,,,,
2016-01-13_-_22-45_Chelsea_2_-_2_West_Brom_corner_9.jpg,2016-01-13_-_22-45_Chelsea_2_-_2_West_Brom,2,0,,,,
2016-02-07_-_19-00_Chelsea_1_-_1_Manchester_United_corner_1.jpg,2016-02-07_-_19-00_Chelsea_1_-_1_Manchester_United,1,0,,,,
2016-02-07_-_19-00_Chelsea_1_-_1_Manchester_United_corner_3.jpg,2016-02-07_-_19-00_Chelsea_1_-_1_Manchester_United,1,0,,,,
2016-02-07_-_19-00_Chelsea_1_-_1_Manchester_United_corner_5.jpg,2016-02-07_-_19-00_Chelsea_1_-_1_Manchester_United,1,0,,,,
2016-02-07_-_19-00_Chelsea_1_-_1_Manchester_United_corner_7.jpg,2016-02-07_-_19-00_Chelsea_1_-_1_Manchester_United,1,0,,,,
2016-02-07_-_19-00_Chelsea_1_-_1_Manchester_United_corner_10.jpg,2016-02-07_-_19-00_Chelsea_1_-_1_Manchester_United,1,0,,,,
2016-02-07_-_19-00_Chelsea_1_-_1_Manchester_United_corner_12.jpg,2016-02-07_-_19-00_Chelsea_1_-_1_Manchester_United,2,0,,,,
2016-02-07_-_19-00_Chelsea_1_-_1_Manchester_United_corner_13.jpg,2016-02-07_-_19-00_Chelsea_1_-_1_Manchester_United,2,0,,,,
2016-02-07_-_19-00_Chelsea_1_-_1_Manchester_United_corner_14.jpg,2016-02-07_-_19-00_Chelsea_1_-_1_Manchester_United,2,0,,,,
2016-02-07_-_19-00_Chelsea_1_-_1_Manchester_United_corner_17.jpg,2016-02-07_-_19-00_Chelsea_1_-_1_Manchester_United,2,0,,,,
2016-02-14_-_19-15_Manchester_City_1_-_2_Tottenham_corner_2.jpg,2016-02-14_-_19-15_Manchester_City_1_-_2_Tottenham,1,1,,,,
2016-02-14_-_19-15_Manchester_City_1_-_2_Tottenham_corner_3.jpg,2016-02-14_-_19-15_Manchester_City_1_-_2_Tottenham,1,0,,,,
2016-02-14_-_19-15_Manchester_City_1_-_2_Tottenham_corner_6.jpg,2016-02-14_-_19-15_Manchester_City_1_-_2_Tottenham,2,1,,,,
2016-02-14_-_19-15_Manchester_City_1_-_2_Tottenham_corner_7.jpg,2016-02-14_-_19-15_Manchester_City_1_-_2_Tottenham,2,0,,,,
2016-03-02_-_23-00_Liverpool_3_-_0_Manchester_City_corner_1.jpg,2016-03-02_-_23-00_Liverpool_3_-_0_Manchester_City,1,0,,,,
2016-03-02_-_23-00_Liverpool_3_-_0_Manchester_City_corner_2.jpg,2016-03-02_-_23-00_Liverpool_3_-_0_Manchester_City,1,0,,,,
2016-03-02_-_23-00_Liverpool_3_-_0_Manchester_City_corner_3.jpg,2016-03-02_-_23-00_Liverpool_3_-_0_Manchester_City,2,0,,,,
2016-03-05_-_18-00_Chelsea_1_-_1_Stoke_City_corner_2.jpg,2016-03-05_-_18-00_Chelsea_1_-_1_Stoke_City,1,1,,,,
2016-03-05_-_18-00_Chelsea_1_-_1_Stoke_City_corner_3.jpg,2016-03-05_-_18-00_Chelsea_1_-_1_Stoke_City,1,0,,,,
2016-03-05_-_18-00_Chelsea_1_-_1_Stoke_City_corner_4.jpg,2016-03-05_-_18-00_Chelsea_1_-_1_Stoke_City,1,0,,,,
2016-03-05_-_18-00_Chelsea_1_-_1_Stoke_City_corner_5.jpg,2016-03-05_-_18-00_Chelsea_1_-_1_Stoke_City,2,0,,,,
2016-03-05_-_18-00_Chelsea_1_-_1_Stoke_City_corner_7.jpg,2016-03-05_-_18-00_Chelsea_1_-_1_Stoke_City,2,0,,,,
2016-03-05_-_18-00_Chelsea_1_-_1_Stoke_City_corner_8.jpg,2016-03-05_-_18-00_Chelsea_1_-_1_Stoke_City,2,0,,,,
2016-03-19_-_18-00_Chelsea_2_-_2_West_Ham_corner_1.jpg,2016-03-19_-_18-00_Chelsea_2_-_2_West_Ham,1,0,,,,
2016-03-19_-_18-00_Chelsea_2_-_2_West_Ham_corner_2.jpg,2016-03-19_-_18-00_Chelsea_2_-_2_West_Ham,1,1,,,,
2016-03-19_-_18-00_Chelsea_2_-_2_West_Ham_corner_3.jpg,2016-03-19_-_18-00_Chelsea_2_-_2_West_Ham,1,0,,,,
2016-03-19_-_18-00_Chelsea_2_-_2_West_Ham_corner_4.jpg,2016-03-19_-_18-00_Chelsea_2_-_2_West_Ham,1,0,,,,
2016-03-19_-_18-00_Chelsea_2_-_2_West_Ham_corner_5.jpg,2016-03-19_-_18-00_Chelsea_2_-_2_West_Ham,1,0,,,,
2016-03-19_-_18-00_Chelsea_2_-_2_West_Ham_corner_6.jpg,2016-03-19_-_18-00_Chelsea_2_-_2_West_Ham,1,0,,,,
2016-03-19_-_18-00_Chelsea_2_-_2_West_Ham_corner_7.jpg,2016-03-19_-_18-00_Chelsea_2_-_2_West_Ham,1,0,,,,
2016-03-19_-_18-00_Chelsea_2_-_2_West_Ham_corner_8.jpg,2016-03-19_-_18-00_Chelsea_2_-_2_West_Ham,1,0,,,,
2016-03-19_-_18-00_Chelsea_2_-_2_West_Ham_corner_9.jpg,2016-03-19_-_18-00_Chelsea_2_-_2_West_Ham,1,0,,,,
2016-03-19_-_18-00_Chelsea_2_-_2_West_Ham_corner_10.jpg,2016-03-19_-_18-00_Chelsea_2_-_2_West_Ham,2,0,,,,
2016-03-19_-_18-00_Chelsea_2_-_2_West_Ham_corner_11.jpg,2016-03-19_-_18-00_Chelsea_2_-_2_West_Ham,2,0,,,,
2016-03-19_-_18-00_Chelsea_2_-_2_West_Ham_corner_12.jpg,2016-03-19_-_18-00_Chelsea_2_-_2_West_Ham,2,0,,,,
2016-03-19_-_18-00_Chelsea_2_-_2_West_Ham_corner_13.jpg,2016-03-19_-_18-00_Chelsea_2_-_2_West_Ham,2,1,,,,
2016-03-19_-_18-00_Chelsea_2_-_2_West_Ham_corner_14.jpg,2016-03-19_-_18-00_Chelsea_2_-_2_West_Ham,2,1,,,,
2016-03-19_-_18-00_Chelsea_2_-_2_West_Ham_corner_15.jpg,2016-03-19_-_18-00_Chelsea_2_-_2_West_Ham,2,0,,,,
2016-03-19_-_18-00_Chelsea_2_-_2_West_Ham_corner_16.jpg,2016-03-19_-_18-00_Chelsea_2_-_2_West_Ham,2,0,,,,
2016-03-19_-_18-00_Chelsea_2_-_2_West_Ham_corner_17.jpg,2016-03-19_-_18-00_Chelsea_2_-_2_West_Ham,2,0,,,,
2016-03-19_-_18-00_Chelsea_2_-_2_West_Ham_corner_18.jpg,2016-03-19_-_18-00_Chelsea_2_-_2_West_Ham,2,1,,,,
2016-03-19_-_18-00_Chelsea_2_-_2_West_Ham_corner_19.jpg,2016-03-19_-_18-00_Chelsea_2_-_2_West_Ham,2,1,,,,
2016-04-09_-_17-00_Swansea_1_-_0_Chelsea_corner_2.jpg,2016-04-09_-_17-00_Swansea_1_-_0_Chelsea,1,0,,,,
2016-04-09_-_17-00_Swansea_1_-_0_Chelsea_corner_3.jpg,2016-04-09_-_17-00_Swansea_1_-_0_Chelsea,1,0,,,,
2016-04-09_-_17-00_Swansea_1_-_0_Chelsea_corner_4.jpg,2016-04-09_-_17-00_Swansea_1_-_0_Chelsea,1,0,,,,
2016-04-09_-_17-00_Swansea_1_-_0_Chelsea_corner_5.jpg,2016-04-09_-_17-00_Swansea_1_-_0_Chelsea,2,0,,,,
2016-04-09_-_17-00_Swansea_1_-_0_Chelsea_corner_6.jpg,2016-04-09_-_17-00_Swansea_1_-_0_Chelsea,2,0,,,,
2016-04-09_-_17-00_Swansea_1_-_0_Chelsea_corner_7.jpg,2016-04-09_-_17-00_Swansea_1_-_0_Chelsea,2,0,,,,
2016-04-09_-_17-00_Swansea_1_-_0_Chelsea_corner_8.jpg,2016-04-09_-_17-00_Swansea_1_-_0_Chelsea,2,0,,,,
2016-04-09_-_17-00_Swansea_1_-_0_Chelsea_corner_9.jpg,2016-04-09_-_17-00_Swansea_1_-_0_Chelsea,2,0,,,,
2016-04-09_-_17-00_Swansea_1_-_0_Chelsea_corner_10.jpg,2016-04-09_-_17-00_Swansea_1_-_0_Chelsea,2,0,,,,
2016-04-09_-_19-30_Manchester_City_2_-_1_West_Brom_corner_1.jpg,2016-04-09_-_19-30_Manchester_City_2_-_1_West_Brom,1,0,,,,
2016-04-09_-_19-30_Manchester_City_2_-_1_West_Brom_corner_2.jpg,2016-04-09_-_19-30_Manchester_City_2_-_1_West_Brom,1,0,,,,
2016-04-09_-_19-30_Manchester_City_2_-_1_West_Brom_corner_3.jpg,2016-04-09_-_19-30_Manchester_City_2_-_1_West_Brom,1,0,,,,
2016-04-09_-_19-30_Manchester_City_2_-_1_West_Brom_corner_6.jpg,2016-04-09_-_19-30_Manchester_City_2_-_1_West_Brom,1,0,,,,
2016-04-09_-_19-30_Manchester_City_2_-_1_West_Brom_corner_8.jpg,2016-04-09_-_19-30_Manchester_City_2_-_1_West_Brom,1,0,,,,
2016-04-09_-_19-30_Manchester_City_2_-_1_West_Brom_corner_12.jpg,2016-04-09_-_19-30_Manchester_City_2_-_1_West_Brom,2,0,,,,
2016-04-09_-_19-30_Manchester_City_2_-_1_West_Brom_corner_13.jpg,2016-04-09_-_19-30_Manchester_City_2_-_1_West_Brom,2,0,,,,
2016-04-09_-_19-30_Manchester_City_2_-_1_West_Brom_corner_14.jpg,2016-04-09_-_19-30_Manchester_City_2_-_1_West_Brom,2,0,,,,
2016-05-07_-_17-00_Sunderland_3_-_2_Chelsea_corner_1.jpg,2016-05-07_-_17-00_Sunderland_3_-_2_Chelsea,1,0,,,,
2016-05-07_-_17-00_Sunderland_3_-_2_Chelsea_corner_2.jpg,2016-05-07_-_17-00_Sunderland_3_-_2_Chelsea,2,0,,,,
2016-05-07_-_17-00_Sunderland_3_-_2_Chelsea_corner_3.jpg,2016-05-07_-_17-00_Sunderland_3_-_2_Chelsea,2,1,,,,
2016-05-07_-_17-00_Sunderland_3_-_2_Chelsea_corner_4.jpg,2016-05-07_-_17-00_Sunderland_3_-_2_Chelsea,2,0,,,,
2015-02-21_-_18-00_Chelsea_1_-_1_Burnley_corner_1.jpg,2015-02-21_-_18-00_Chelsea_1_-_1_Burnley,1,0,,,,
2015-02-21_-_18-00_Chelsea_1_-_1_Burnley_corner_2.jpg,2015-02-21_-_18-00_Chelsea_1_-_1_Burnley,1,0,,,,
2015-02-21_-_18-00_Chelsea_1_-_1_Burnley_corner_4.jpg,2015-02-21_-_18-00_Chelsea_1_-_1_Burnley,1,0,,,,
2015-02-21_-_18-00_Chelsea_1_-_1_Burnley_corner_5.jpg,2015-02-21_-_18-00_Chelsea_1_-_1_Burnley,1,0,,,,
2015-02-21_-_18-00_Chelsea_1_-_1_Burnley_corner_6.jpg,2015-02-21_-_18-00_Chelsea_1_-_1_Burnley,1,1,,,,
2015-02-21_-_18-00_Chelsea_1_-_1_Burnley_corner_7.jpg,2015-02-21_-_18-00_Chelsea_1_-_1_Burnley,1,0,,,,
2015-02-21_-_18-00_Chelsea_1_-_1_Burnley_corner_8.jpg,2015-02-21_-_18-00_Chelsea_1_-_1_Burnley,1,0,,,,
2015-02-21_-_18-00_Chelsea_1_-_1_Burnley_corner_9.jpg,2015-02-21_-_18-00_Chelsea_1_-_1_Burnley,2,0,,,,
2015-02-21_-_18-00_Chelsea_1_-_1_Burnley_corner_10.jpg,2015-02-21_-_18-00_Chelsea_1_-_1_Burnley,2,0,,,,
2015-02-21_-_18-00_Chelsea_1_-_1_Burnley_corner_11.jpg,2015-02-21_-_18-00_Chelsea_1_-_1_Burnley,2,0,,,,
2015-02-21_-_18-00_Chelsea_1_-_1_Burnley_corner_12.jpg,2015-02-21_-_18-00_Chelsea_1_-_1_Burnley,2,1,,,,
2015-02-21_-_18-00_Chelsea_1_-_1_Burnley_corner_13.jpg,2015-02-21_-_18-00_Chelsea_1_-_1_Burnley,2,1,,,,
2015-02-21_-_18-00_Chelsea_1_-_1_Burnley_corner_14.jpg,2015-02-21_-_18-00_Chelsea_1_-_1_Burnley,2,0,,,,
2015-02-21_-_18-00_Crystal_Palace_1_-_2_Arsenal_corner_1.jpg,2015-02-21_-_18-00_Crystal_Palace_1_-_2_Arsenal,1,0,,,,
2015-02-21_-_18-00_Crystal_Palace_1_-_2_Arsenal_corner_2.jpg,2015-02-21_-_18-00_Crystal_Palace_1_-_2_Arsenal,1,1,,,,
2015-02-21_-_18-00_Crystal_Palace_1_-_2_Arsenal_corner_3.jpg,2015-02-21_-_18-00_Crystal_Palace_1_-_2_Arsenal,1,0,,,,
2015-02-21_-_18-00_Crystal_Palace_1_-_2_Arsenal_corner_5.jpg,2015-02-21_-_18-00_Crystal_Palace_1_-_2_Arsenal,2,0,,,,
2015-02-21_-_18-00_Crystal_Palace_1_-_2_Arsenal_corner_6.jpg,2015-02-21_-_18-00_Crystal_Palace_1_-_2_Arsenal,2,0,,,,
2015-02-21_-_18-00_Crystal_Palace_1_-_2_Arsenal_corner_7.jpg,2015-02-21_-_18-00_Crystal_Palace_1_-_2_Arsenal,2,0,,,,
2015-02-21_-_18-00_Crystal_Palace_1_-_2_Arsenal_corner_8.jpg,2015-02-21_-_18-00_Crystal_Palace_1_-_2_Arsenal,2,0,,,,
2015-02-21_-_18-00_Crystal_Palace_1_-_2_Arsenal_corner_9.jpg,2015-02-21_-_18-00_Crystal_Palace_1_-_2_Arsenal,2,0,,,,
2015-02-21_-_18-00_Crystal_Palace_1_-_2_Arsenal_corner_10.jpg,2015-02-21_-_18-00_Crystal_Palace_1_-_2_Arsenal,2,0,,,,
2015-02-21_-_18-00_Crystal_Palace_1_-_2_Arsenal_corner_11.jpg,2015-02-21_-_18-00_Crystal_Palace_1_-_2_Arsenal,2,1,,,,
2015-02-21_-_18-00_Swansea_2_-_1_Manchester_United_corner_2.jpg,2015-02-21_-_18-00_Swansea_2_-_1_Manchester_United,1,1,,,,
2015-02-21_-_18-00_Swansea_2_-_1_Manchester_United_corner_3.jpg,2015-02-21_-_18-00_Swansea_2_-_1_Manchester_United,1,0,,,,
2015-02-21_-_18-00_Swansea_2_-_1_Manchester_United_corner_4.jpg,2015-02-21_-_18-00_Swansea_2_-_1_Manchester_United,1,0,,,,
2015-02-21_-_18-00_Swansea_2_-_1_Manchester_United_corner_5.jpg,2015-02-21_-_18-00_Swansea_2_-_1_Manchester_United,2,0,,,,
2015-02-21_-_18-00_Swansea_2_-_1_Manchester_United_corner_6.jpg,2015-02-21_-_18-00_Swansea_2_-_1_Manchester_United,2,0,,,,
2015-02-21_-_18-00_Swansea_2_-_1_Manchester_United_corner_8.jpg,2015-02-21_-_18-00_Swansea_2_-_1_Manchester_United,2,0,,,,
2015-02-21_-_18-00_Swansea_2_-_1_Manchester_United_corner_9.jpg,2015-02-21_-_18-00_Swansea_2_-_1_Manchester_United,2,1,,,,
2015-02-21_-_18-00_Swansea_2_-_1_Manchester_United_corner_10.jpg,2015-02-21_-_18-00_Swansea_2_-_1_Manchester_United,2,0,,,,
2015-02-21_-_18-00_Swansea_2_-_1_Manchester_United_corner_11.jpg,2015-02-21_-_18-00_Swansea_2_-_1_Manchester_United,2,0,,,,
2015-02-21_-_18-00_Swansea_2_-_1_Manchester_United_corner_13.jpg,2015-02-21_-_18-00_Swansea_2_-_1_Manchester_United,2,0,,,,
2015-02-22_-_19-15_Southampton_0_-_2_Liverpool_corner_5.jpg,2015-02-22_-_19-15_Southampton_0_-_2_Liverpool,2,0,,,,
2015-09-19_-_16-30_Darmstadt_0_-_3_Bayern_Munich_corner_1.jpg,2015-09-19_-_16-30_Darmstadt_0_-_3_Bayern_Munich,1,0,,,,
2015-09-19_-_16-30_Darmstadt_0_-_3_Bayern_Munich_corner_2.jpg,2015-09-19_-_16-30_Darmstadt_0_-_3_Bayern_Munich,1,0,,,,
2015-09-19_-_16-30_Darmstadt_0_-_3_Bayern_Munich_corner_3.jpg,2015-09-19_-_16-30_Darmstadt_0_-_3_Bayern_Munich,1,0,,,,
2015-09-19_-_16-30_Darmstadt_0_-_3_Bayern_Munich_corner_4.jpg,2015-09-19_-_16-30_Darmstadt_0_-_3_Bayern_Munich,1,1,,,,
2015-09-19_-_16-30_Darmstadt_0_-_3_Bayern_Munich_corner_5.jpg,2015-09-19_-_16-30_Darmstadt_0_-_3_Bayern_Munich,2,0,,,,
2015-09-22_-_21-00_Bayern_Munich_5_-_1_Wolfsburg_corner_1.jpg,2015-09-22_-_21-00_Bayern_Munich_5_-_1_Wolfsburg,1,0,,,,
2015-09-22_-_21-00_Bayern_Munich_5_-_1_Wolfsburg_corner_2.jpg,2015-09-22_-_21-00_Bayern_Munich_5_-_1_Wolfsburg,1,0,,,,
2015-09-22_-_21-00_Bayern_Munich_5_-_1_Wolfsburg_corner_3.jpg,2015-09-22_-_21-00_Bayern_Munich_5_-_1_Wolfsburg,1,0,,,,
2015-09-22_-_21-00_Bayern_Munich_5_-_1_Wolfsburg_corner_4.jpg,2015-09-22_-_21-00_Bayern_Munich_5_-_1_Wolfsburg,1,0,,,,
2015-09-22_-_21-00_Bayern_Munich_5_-_1_Wolfsburg_corner_5.jpg,2015-09-22_-_21-00_Bayern_Munich_5_-_1_Wolfsburg,2,0,,,,
2015-09-22_-_21-00_Bayern_Munich_5_-_1_Wolfsburg_corner_6.jpg,2015-09-22_-_21-00_Bayern_Munich_5_-_1_Wolfsburg,2,0,,,,
2015-09-26_-_16-30_1._FSV_Mainz_05_0_-_3_Bayern_Munich_corner_1.jpg,2015-09-26_-_16-30_1._FSV_Mainz_05_0_-_3_Bayern_Munich,1,1,,,,
2015-09-26_-_16-30_1._FSV_Mainz_05_0_-_3_Bayern_Munich_corner_2.jpg,2015-09-26_-_16-30_1._FSV_Mainz_05_0_-_3_Bayern_Munich,1,0,,,,
2015-09-26_-_16-30_1._FSV_Mainz_05_0_-_3_Bayern_Munich_corner_3.jpg,2015-09-26_-_16-30_1._FSV_Mainz_05_0_-_3_Bayern_Munich,2,1,,,,
2015-09-26_-_16-30_1._FSV_Mainz_05_0_-_3_Bayern_Munich_corner_4.jpg,2015-09-26_-_16-30_1._FSV_Mainz_05_0_-_3_Bayern_Munich,2,0,,,,
2015-09-26_-_16-30_1._FSV_Mainz_05_0_-_3_Bayern_Munich_corner_5.jpg,2015-09-26_-_16-30_1._FSV_Mainz_05_0_-_3_Bayern_Munich,2,0,,,,
2015-09-26_-_16-30_1._FSV_Mainz_05_0_-_3_Bayern_Munich_corner_6.jpg,2015-09-26_-_16-30_1._FSV_Mainz_05_0_-_3_Bayern_Munich,2,0,,,,
2015-09-26_-_16-30_1._FSV_Mainz_05_0_-_3_Bayern_Munich_corner_7.jpg,2015-09-26_-_16-30_1._FSV_Mainz_05_0_-_3_Bayern_Munich,2,0,,,,
2015-02-21_-_17-30_Paderborn_0_-_6_Bayern_Munich_corner_1.jpg,2015-02-21_-_17-30_Paderborn_0_-_6_Bayern_Munich,1,0,,,,
2015-02-21_-_17-30_Paderborn_0_-_6_Bayern_Munich_corner_2.jpg,2015-02-21_-_17-30_Paderborn_0_-_6_Bayern_Munich,1,0,,,,
2015-02-21_-_17-30_Paderborn_0_-_6_Bayern_Munich_corner_3.jpg,2015-02-21_-_17-30_Paderborn_0_-_6_Bayern_Munich,2,0,,,,
2015-02-21_-_17-30_Paderborn_0_-_6_Bayern_Munich_corner_4.jpg,2015-02-21_-_17-30_Paderborn_0_-_6_Bayern_Munich,2,0,,,,
2015-02-21_-_17-30_Paderborn_0_-_6_Bayern_Munich_corner_5.jpg,2015-02-21_-_17-30_Paderborn_0_-_6_Bayern_Munich,2,0,,,,
2015-02-21_-_17-30_Paderborn_0_-_6_Bayern_Munich_corner_6.jpg,2015-02-21_-_17-30_Paderborn_0_-_6_Bayern_Munich,2,0,,,,
2015-02-21_-_17-30_Paderborn_0_-_6_Bayern_Munich_corner_7.jpg,2015-02-21_-_17-30_Paderborn_0_-_6_Bayern_Munich,2,1,,,,
2015-02-21_-_17-30_Paderborn_0_-_6_Bayern_Munich_corner_8.jpg,2015-02-21_-_17-30_Paderborn_0_-_6_Bayern_Munich,2,0,,,,
2015-04-11_-_16-30_Bayern_Munich_3_-_0_Eintracht_Frankfurt_corner_1.jpg,2015-04-11_-_16-30_Bayern_Munich_3_-_0_Eintracht_Frankfurt,1,1,,,,
2015-04-11_-_16-30_Bayern_Munich_3_-_0_Eintracht_Frankfurt_corner_2.jpg,2015-04-11_-_16-30_Bayern_Munich_3_-_0_Eintracht_Frankfurt,2,1,,,,
2015-04-11_-_16-30_Bayern_Munich_3_-_0_Eintracht_Frankfurt_corner_3.jpg,2015-04-11_-_16-30_Bayern_Munich_3_-_0_Eintracht_Frankfurt,2,0,,,,
2015-04-25_-_16-30_Dortmund_2_-_0_Eintracht_Frankfurt_corner_1.jpg,2015-04-25_-_16-30_Dortmund_2_-_0_Eintracht_Frankfurt,1,1,,,,
2015-04-25_-_16-30_Dortmund_2_-_0_Eintracht_Frankfurt_corner_2.jpg,2015-04-25_-_16-30_Dortmund_2_-_0_Eintracht_Frankfurt,2,0,,,,
2015-04-25_-_16-30_Dortmund_2_-_0_Eintracht_Frankfurt_corner_3.jpg,2015-04-25_-_16-30_Dortmund_2_-_0_Eintracht_Frankfurt,2,0,,,,
2015-04-25_-_16-30_Dortmund_2_-_0_Eintracht_Frankfurt_corner_4.jpg,2015-04-25_-_16-30_Dortmund_2_-_0_Eintracht_Frankfurt,2,0,,,,
2015-05-09_-_16-30_Dortmund_2_-_0_Hertha_Berlin_corner_1.jpg,2015-05-09_-_16-30_Dortmund_2_-_0_Hertha_Berlin,1,1,,,,
2015-05-09_-_16-30_Dortmund_2_-_0_Hertha_Berlin_corner_2.jpg,2015-05-09_-_16-30_Dortmund_2_-_0_Hertha_Berlin,1,1,,,,
2015-05-09_-_16-30_Dortmund_2_-_0_Hertha_Berlin_corner_3.jpg,2015-05-09_-_16-30_Dortmund_2_-_0_Hertha_Berlin,1,0,,,,
2015-05-09_-_16-30_Dortmund_2_-_0_Hertha_Berlin_corner_4.jpg,2015-05-09_-_16-30_Dortmund_2_-_0_Hertha_Berlin,2,0,,,,
2015-05-09_-_16-30_Dortmund_2_-_0_Hertha_Berlin_corner_5.jpg,2015-05-09_-_16-30_Dortmund_2_-_0_Hertha_Berlin,2,0,,,,
2015-05-09_-_16-30_Dortmund_2_-_0_Hertha_Berlin_corner_6.jpg,2015-05-09_-_16-30_Dortmund_2_-_0_Hertha_Berlin,2,0,,,,
2015-05-09_-_16-30_Dortmund_2_-_0_Hertha_Berlin_corner_7.jpg,2015-05-09_-_16-30_Dortmund_2_-_0_Hertha_Berlin,2,1,,,,
2015-05-09_-_16-30_Dortmund_2_-_0_Hertha_Berlin_corner_8.jpg,2015-05-09_-_16-30_Dortmund_2_-_0_Hertha_Berlin,2,0,,,,
2015-05-09_-_16-30_Dortmund_2_-_0_Hertha_Berlin_corner_9.jpg,2015-05-09_-_16-30_Dortmund_2_-_0_Hertha_Berlin,2,0,,,,
2015-05-09_-_16-30_Dortmund_2_-_0_Hertha_Berlin_corner_10.jpg,2015-05-09_-_16-30_Dortmund_2_-_0_Hertha_Berlin,2,0,,,,
2015-05-16_-_16-30_Wolfsburg_2_-_1_Dortmund_corner_1.jpg,2015-05-16_-_16-30_Wolfsburg_2_-_1_Dortmund,1,0,,,,
2015-05-16_-_16-30_Wolfsburg_2_-_1_Dortmund_corner_2.jpg,2015-05-16_-_16-30_Wolfsburg_2_-_1_Dortmund,1,0,,,,
2015-05-16_-_16-30_Wolfsburg_2_-_1_Dortmund_corner_3.jpg,2015-05-16_-_16-30_Wolfsburg_2_-_1_Dortmund,1,1,,,,
2015-05-16_-_16-30_Wolfsburg_2_-_1_Dortmund_corner_4.jpg,2015-05-16_-_16-30_Wolfsburg_2_-_1_Dortmund,2,0,,,,
2015-05-16_-_16-30_Wolfsburg_2_-_1_Dortmund_corner_5.jpg,2015-05-16_-_16-30_Wolfsburg_2_-_1_Dortmund,2,1,,,,
2015-05-16_-_16-30_Wolfsburg_2_-_1_Dortmund_corner_6.jpg,2015-05-16_-_16-30_Wolfsburg_2_-_1_Dortmund,2,0,,,,
2015-05-16_-_16-30_Wolfsburg_2_-_1_Dortmund_corner_7.jpg,2015-05-16_-_16-30_Wolfsburg_2_-_1_Dortmund,2,1,,,,
2015-05-16_-_16-30_Wolfsburg_2_-_1_Dortmund_corner_8.jpg,2015-05-16_-_16-30_Wolfsburg_2_-_1_Dortmund,2,0,,,,
2015-05-16_-_16-30_Wolfsburg_2_-_1_Dortmund_corner_9.jpg,2015-05-16_-_16-30_Wolfsburg_2_-_1_Dortmund,2,0,,,,
2015-05-16_-_16-30_Wolfsburg_2_-_1_Dortmund_corner_10.jpg,2015-05-16_-_16-30_Wolfsburg_2_-_1_Dortmund,2,1,,,,
2016-08-12_-_21-00_Bastia_0_-_1_Paris_SG_corner_2.jpg,2016-08-12_-_21-00_Bastia_0_-_1_Paris_SG,2,0,,,,
2016-08-12_-_21-00_Bastia_0_-_1_Paris_SG_corner_3.jpg,2016-08-12_-_21-00_Bastia_0_-_1_Paris_SG,2,1,,,,
2016-08-12_-_21-00_Bastia_0_-_1_Paris_SG_corner_4.jpg,2016-08-12_-_21-00_Bastia_0_-_1_Paris_SG,2,0,,,,
2016-08-12_-_21-00_Bastia_0_-_1_Paris_SG_corner_5.jpg,2016-08-12_-_21-00_Bastia_0_-_1_Paris_SG,2,0,,,,
2016-08-12_-_21-00_Bastia_0_-_1_Paris_SG_corner_7.jpg,2016-08-12_-_21-00_Bastia_0_-_1_Paris_SG,2,0,,,,
2016-08-12_-_21-00_Bastia_0_-_1_Paris_SG_corner_8.jpg,2016-08-12_-_21-00_Bastia_0_-_1_Paris_SG,2,0,,,,
2016-09-16_-_21-45_Caen_0_-_6_Paris_SG_corner_1.jpg,2016-09-16_-_21-45_Caen_0_-_6_Paris_SG,1,0,,,,
2016-09-16_-_21-45_Caen_0_-_6_Paris_SG_corner_2.jpg,2016-09-16_-_21-45_Caen_0_-_6_Paris_SG,1,1,,,,
2016-09-16_-_21-45_Caen_0_-_6_Paris_SG_corner_3.jpg,2016-09-16_-_21-45_Caen_0_-_6_Paris_SG,1,0,,,,
2016-09-16_-_21-45_Caen_0_-_6_Paris_SG_corner_5.jpg,2016-09-16_-_21-45_Caen_0_-_6_Paris_SG,2,0,,,,
2016-09-16_-_21-45_Caen_0_-_6_Paris_SG_corner_6.jpg,2016-09-16_-_21-45_Caen_0_-_6_Paris_SG,2,1,,,,
2016-09-16_-_21-45_Caen_0_-_6_Paris_SG_corner_7.jpg,2016-09-16_-_21-45_Caen_0_-_6_Paris_SG,2,0,,,,
2016-09-23_-_21-45_Toulouse_2_-_0_Paris_SG_corner_1.jpg,2016-09-23_-_21-45_Toulouse_2_-_0_Paris_SG,1,1,,,,
2016-09-23_-_21-45_Toulouse_2_-_0_Paris_SG_corner_3.jpg,2016-09-23_-_21-45_Toulouse_2_-_0_Paris_SG,1,0,,,,
2016-09-23_-_21-45_Toulouse_2_-_0_Paris_SG_corner_4.jpg,2016-09-23_-_21-45_Toulouse_2_-_0_Paris_SG,1,0,,,,
2016-09-23_-_21-45_Toulouse_2_-_0_Paris_SG_corner_5.jpg,2016-09-23_-_21-45_Toulouse_2_-_0_Paris_SG,1,1,,,,
2016-09-23_-_21-45_Toulouse_2_-_0_Paris_SG_corner_6.jpg,2016-09-23_-_21-45_Toulouse_2_-_0_Paris_SG,1,0,,,,
2016-09-23_-_21-45_Toulouse_2_-_0_Paris_SG_corner_7.jpg,2016-09-23_-_21-45_Toulouse_2_-_0_Paris_SG,2,0,,,,
2016-09-23_-_21-45_Toulouse_2_-_0_Paris_SG_corner_8.jpg,2016-09-23_-_21-45_Toulouse_2_-_0_Paris_SG,2,0,,,,
2016-10-01_-_18-00_Paris_SG_2_-_0_Bordeaux_corner_1.jpg,2016-10-01_-_18-00_Paris_SG_2_-_0_Bordeaux,1,0,,,,
2016-10-01_-_18-00_Paris_SG_2_-_0_Bordeaux_corner_2.jpg,2016-10-01_-_18-00_Paris_SG_2_-_0_Bordeaux,1,0,,,,
2016-10-01_-_18-00_Paris_SG_2_-_0_Bordeaux_corner_3.jpg,2016-10-01_-_18-00_Paris_SG_2_-_0_Bordeaux,1,0,,,,
2016-10-01_-_18-00_Paris_SG_2_-_0_Bordeaux_corner_5.jpg,2016-10-01_-_18-00_Paris_SG_2_-_0_Bordeaux,1,0,,,,
2016-10-01_-_18-00_Paris_SG_2_-_0_Bordeaux_corner_6.jpg,2016-10-01_-_18-00_Paris_SG_2_-_0_Bordeaux,1,0,,,,
2016-10-01_-_18-00_Paris_SG_2_-_0_Bordeaux_corner_8.jpg,2016-10-01_-_18-00_Paris_SG_2_-_0_Bordeaux,1,0,,,,
2016-10-01_-_18-00_Paris_SG_2_-_0_Bordeaux_corner_10.jpg,2016-10-01_-_18-00_Paris_SG_2_-_0_Bordeaux,2,0,,,,
2016-10-01_-_18-00_Paris_SG_2_-_0_Bordeaux_corner_11.jpg,2016-10-01_-_18-00_Paris_SG_2_-_0_Bordeaux,2,0,,,,
2016-10-01_-_18-00_Paris_SG_2_-_0_Bordeaux_corner_12.jpg,2016-10-01_-_18-00_Paris_SG_2_-_0_Bordeaux,2,0,,,,
2016-10-01_-_18-00_Paris_SG_2_-_0_Bordeaux_corner_13.jpg,2016-10-01_-_18-00_Paris_SG_2_-_0_Bordeaux,2,1,,,,
2016-10-15_-_18-00_Nancy_1_-_2_Paris_SG_corner_1.jpg,2016-10-15_-_18-00_Nancy_1_-_2_Paris_SG,1,0,,,,
2016-10-15_-_18-00_Nancy_1_-_2_Paris_SG_corner_2.jpg,2016-10-15_-_18-00_Nancy_1_-_2_Paris_SG,1,0,,,,
2016-10-15_-_18-00_Nancy_1_-_2_Paris_SG_corner_3.jpg,2016-10-15_-_18-00_Nancy_1_-_2_Paris_SG,1,0,,,,
2016-10-15_-_18-00_Nancy_1_-_2_Paris_SG_corner_4.jpg,2016-10-15_-_18-00_Nancy_1_-_2_Paris_SG,1,0,,,,
2016-10-15_-_18-00_Nancy_1_-_2_Paris_SG_corner_5.jpg,2016-10-15_-_18-00_Nancy_1_-_2_Paris_SG,2,0,,,,
2016-10-28_-_21-45_Lille_0_-_1_Paris_SG_corner_2.jpg,2016-10-28_-_21-45_Lille_0_-_1_Paris_SG,1,1,,,,
2016-10-28_-_21-45_Lille_0_-_1_Paris_SG_corner_3.jpg,2016-10-28_-_21-45_Lille_0_-_1_Paris_SG,1,1,,,,
2016-10-28_-_21-45_Lille_0_-_1_Paris_SG_corner_4.jpg,2016-10-28_-_21-45_Lille_0_-_1_Paris_SG,2,0,,,,
2016-10-28_-_21-45_Lille_0_-_1_Paris_SG_corner_5.jpg,2016-10-28_-_21-45_Lille_0_-_1_Paris_SG,2,0,,,,
2016-11-06_-_22-45_Paris_SG_4_-_0_Rennes_corner_1.jpg,2016-11-06_-_22-45_Paris_SG_4_-_0_Rennes,1,0,,,,
2016-11-06_-_22-45_Paris_SG_4_-_0_Rennes_corner_2.jpg,2016-11-06_-_22-45_Paris_SG_4_-_0_Rennes,1,1,,,,
2016-11-06_-_22-45_Paris_SG_4_-_0_Rennes_corner_3.jpg,2016-11-06_-_22-45_Paris_SG_4_-_0_Rennes,1,1,,,,
2016-11-06_-_22-45_Paris_SG_4_-_0_Rennes_corner_4.jpg,2016-11-06_-_22-45_Paris_SG_4_-_0_Rennes,1,0,,,,
2016-11-06_-_22-45_Paris_SG_4_-_0_Rennes_corner_5.jpg,2016-11-06_-_22-45_Paris_SG_4_-_0_Rennes,1,0,,,,
2016-11-06_-_22-45_Paris_SG_4_-_0_Rennes_corner_6.jpg,2016-11-06_-_22-45_Paris_SG_4_-_0_Rennes,2,0,,,,
2016-11-06_-_22-45_Paris_SG_4_-_0_Rennes_corner_7.jpg,2016-11-06_-_22-45_Paris_SG_4_-_0_Rennes,2,0,,,,
2016-11-06_-_22-45_Paris_SG_4_-_0_Rennes_corner_8.jpg,2016-11-06_-_22-45_Paris_SG_4_-_0_Rennes,2,0,,,,
2016-11-06_-_22-45_Paris_SG_4_-_0_Rennes_corner_10.jpg,2016-11-06_-_22-45_Paris_SG_4_-_0_Rennes,2,0,,,,
2016-11-06_-_22-45_Paris_SG_4_-_0_Rennes_corner_11.jpg,2016-11-06_-_22-45_Paris_SG_4_-_0_Rennes,2,0,,,,
2016-11-19_-_19-00_Paris_SG_2_-_0_Nantes_corner_1.jpg,2016-11-19_-_19-00_Paris_SG_2_-_0_Nantes,1,0,,,,
2016-11-19_-_19-00_Paris_SG_2_-_0_Nantes_corner_2.jpg,2016-11-19_-_19-00_Paris_SG_2_-_0_Nantes,1,0,,,,
2016-11-19_-_19-00_Paris_SG_2_-_0_Nantes_corner_3.jpg,2016-11-19_-_19-00_Paris_SG_2_-_0_Nantes,1,0,,,,
2016-11-19_-_19-00_Paris_SG_2_-_0_Nantes_corner_4.jpg,2016-11-19_-_19-00_Paris_SG_2_-_0_Nantes,1,0,,,,
2016-11-19_-_19-00_Paris_SG_2_-_0_Nantes_corner_5.jpg,2016-11-19_-_19-00_Paris_SG_2_-_0_Nantes,2,0,,,,
2016-11-19_-_19-00_Paris_SG_2_-_0_Nantes_corner_7.jpg,2016-11-19_-_19-00_Paris_SG_2_-_0_Nantes,2,0,,,,
2016-11-19_-_19-00_Paris_SG_2_-_0_Nantes_corner_8.jpg,2016-11-19_-_19-00_Paris_SG_2_-_0_Nantes,2,1,,,,
2016-11-27_-_22-45_Lyon_1_-_2_Paris_SG_corner_2.jpg,2016-11-27_-_22-45_Lyon_1_-_2_Paris_SG,1,1,,,,
2016-11-27_-_22-45_Lyon_1_-_2_Paris_SG_corner_3.jpg,2016-11-27_-_22-45_Lyon_1_-_2_Paris_SG,1,0,,,,
2016-11-27_-_22-45_Lyon_1_-_2_Paris_SG_corner_5.jpg,2016-11-27_-_22-45_Lyon_1_-_2_Paris_SG,1,1,,,,
2016-11-27_-_22-45_Lyon_1_-_2_Paris_SG_corner_6.jpg,2016-11-27_-_22-45_Lyon_1_-_2_Paris_SG,1,0,,,,
2016-11-27_-_22-45_Lyon_1_-_2_Paris_SG_corner_7.jpg,2016-11-27_-_22-45_Lyon_1_-_2_Paris_SG,1,0,,,,
2016-11-27_-_22-45_Lyon_1_-_2_Paris_SG_corner_8.jpg,2016-11-27_-_22-45_Lyon_1_-_2_Paris_SG,1,0,,,,
2016-11-27_-_22-45_Lyon_1_-_2_Paris_SG_corner_9.jpg,2016-11-27_-_22-45_Lyon_1_-_2_Paris_SG,1,0,,,,
2016-11-27_-_22-45_Lyon_1_-_2_Paris_SG_corner_10.jpg,2016-11-27_-_22-45_Lyon_1_-_2_Paris_SG,2,0,,,,
2016-11-27_-_22-45_Lyon_1_-_2_Paris_SG_corner_11.jpg,2016-11-27_-_22-45_Lyon_1_-_2_Paris_SG,2,0,,,,
2016-11-27_-_22-45_Lyon_1_-_2_Paris_SG_corner_12.jpg,2016-11-27_-_22-45_Lyon_1_-_2_Paris_SG,2,0,,,,
2016-11-27_-_22-45_Lyon_1_-_2_Paris_SG_corner_13.jpg,2016-11-27_-_22-45_Lyon_1_-_2_Paris_SG,2,0,,,,
2016-11-27_-_22-45_Lyon_1_-_2_Paris_SG_corner_14.jpg,2016-11-27_-_22-45_Lyon_1_-_2_Paris_SG,2,0,,,,
2016-12-11_-_22-45_Paris_SG_2_-_2_Nice_corner_1.jpg,2016-12-11_-_22-45_Paris_SG_2_-_2_Nice,1,1,,,,
2016-12-11_-_22-45_Paris_SG_2_-_2_Nice_corner_3.jpg,2016-12-11_-_22-45_Paris_SG_2_-_2_Nice,1,1,,,,
2016-12-11_-_22-45_Paris_SG_2_-_2_Nice_corner_4.jpg,2016-12-11_-_22-45_Paris_SG_2_-_2_Nice,1,0,,,,
2016-12-11_-_22-45_Paris_SG_2_-_2_Nice_corner_5.jpg,2016-12-11_-_22-45_Paris_SG_2_-_2_Nice,1,0,,,,
2016-12-11_-_22-45_Paris_SG_2_-_2_Nice_corner_6.jpg,2016-12-11_-_22-45_Paris_SG_2_-_2_Nice,1,0,,,,
2016-12-11_-_22-45_Paris_SG_2_-_2_Nice_corner_7.jpg,2016-12-11_-_22-45_Paris_SG_2_-_2_Nice,1,0,,,,
2016-12-11_-_22-45_Paris_SG_2_-_2_Nice_corner_8.jpg,2016-12-11_-_22-45_Paris_SG_2_-_2_Nice,2,0,,,,
2016-12-11_-_22-45_Paris_SG_2_-_2_Nice_corner_9.jpg,2016-12-11_-_22-45_Paris_SG_2_-_2_Nice,2,1,,,,
2016-12-17_-_19-00_Guingamp_2_-_1_Paris_SG_corner_1.jpg,2016-12-17_-_19-00_Guingamp_2_-_1_Paris_SG,1,1,,,,
2016-12-17_-_19-00_Guingamp_2_-_1_Paris_SG_corner_2.jpg,2016-12-17_-_19-00_Guingamp_2_-_1_Paris_SG,1,0,,,,
2016-12-17_-_19-00_Guingamp_2_-_1_Paris_SG_corner_3.jpg,2016-12-17_-_19-00_Guingamp_2_-_1_Paris_SG,1,0,,,,
2016-12-17_-_19-00_Guingamp_2_-_1_Paris_SG_corner_4.jpg,2016-12-17_-_19-00_Guingamp_2_-_1_Paris_SG,1,0,,,,
2016-12-17_-_19-00_Guingamp_2_-_1_Paris_SG_corner_5.jpg,2016-12-17_-_19-00_Guingamp_2_-_1_Paris_SG,1,0,,,,
2016-12-17_-_19-00_Guingamp_2_-_1_Paris_SG_corner_6.jpg,2016-12-17_-_19-00_Guingamp_2_-_1_Paris_SG,1,0,,,,
2016-12-17_-_19-00_Guingamp_2_-_1_Paris_SG_corner_7.jpg,2016-12-17_-_19-00_Guingamp_2_-_1_Paris_SG,2,0,,,,
2016-12-17_-_19-00_Guingamp_2_-_1_Paris_SG_corner_8.jpg,2016-12-17_-_19-00_Guingamp_2_-_1_Paris_SG,2,1,,,,
2016-12-17_-_19-00_Guingamp_2_-_1_Paris_SG_corner_9.jpg,2016-12-17_-_19-00_Guingamp_2_-_1_Paris_SG,2,1,,,,
2016-12-21_-_22-50_Paris_SG_5_-_0_Lorient_corner_1.jpg,2016-12-21_-_22-50_Paris_SG_5_-_0_Lorient,1,1,,,,
2016-12-21_-_22-50_Paris_SG_5_-_0_Lorient_corner_2.jpg,2016-12-21_-_22-50_Paris_SG_5_-_0_Lorient,1,0,,,,
2016-12-21_-_22-50_Paris_SG_5_-_0_Lorient_corner_4.jpg,2016-12-21_-_22-50_Paris_SG_5_-_0_Lorient,1,0,,,,
2016-12-21_-_22-50_Paris_SG_5_-_0_Lorient_corner_5.jpg,2016-12-21_-_22-50_Paris_SG_5_-_0_Lorient,1,0,,,,
2016-12-21_-_22-50_Paris_SG_5_-_0_Lorient_corner_6.jpg,2016-12-21_-_22-50_Paris_SG_5_-_0_Lorient,1,0,,,,
2016-12-21_-_22-50_Paris_SG_5_-_0_Lorient_corner_7.jpg,2016-12-21_-_22-50_Paris_SG_5_-_0_Lorient,1,0,,,,
2016-12-21_-_22-50_Paris_SG_5_-_0_Lorient_corner_8.jpg,2016-12-21_-_22-50_Paris_SG_5_-_0_Lorient,1,0,,,,
2016-12-21_-_22-50_Paris_SG_5_-_0_Lorient_corner_9.jpg,2016-12-21_-_22-50_Paris_SG_5_-_0_Lorient,2,1,,,,
2016-12-21_-_22-50_Paris_SG_5_-_0_Lorient_corner_10.jpg,2016-12-21_-_22-50_Paris_SG_5_-_0_Lorient,2,0,,,,
2016-12-21_-_22-50_Paris_SG_5_-_0_Lorient_corner_11.jpg,2016-12-21_-_22-50_Paris_SG_5_-_0_Lorient,2,0,,,,
2016-12-21_-_22-50_Paris_SG_5_-_0_Lorient_corner_12.jpg,2016-12-21_-_22-50_Paris_SG_5_-_0_Lorient,2,0,,,,
2016-12-21_-_22-50_Paris_SG_5_-_0_Lorient_corner_13.jpg,2016-12-21_-_22-50_Paris_SG_5_-_0_Lorient,2,1,,,,
2016-12-21_-_22-50_Paris_SG_5_-_0_Lorient_corner_14.jpg,2016-12-21_-_22-50_Paris_SG_5_-_0_Lorient,2,0,,,,
2016-12-21_-_22-50_Paris_SG_5_-_0_Lorient_corner_15.jpg,2016-12-21_-_22-50_Paris_SG_5_-_0_Lorient,2,0,,,,
2017-01-21_-_19-00_Nantes_0_-_2_Paris_SG_corner_2.jpg,2017-01-21_-_19-00_Nantes_0_-_2_Paris_SG,1,0,,,,
2017-01-21_-_19-00_Nantes_0_-_2_Paris_SG_corner_4.jpg,2017-01-21_-_19-00_Nantes_0_-_2_Paris_SG,1,0,,,,
2017-01-21_-_19-00_Nantes_0_-_2_Paris_SG_corner_5.jpg,2017-01-21_-_19-00_Nantes_0_-_2_Paris_SG,1,0,,,,
2017-01-21_-_19-00_Nantes_0_-_2_Paris_SG_corner_6.jpg,2017-01-21_-_19-00_Nantes_0_-_2_Paris_SG,2,0,,,,
2017-01-21_-_19-00_Nantes_0_-_2_Paris_SG_corner_7.jpg,2017-01-21_-_19-00_Nantes_0_-_2_Paris_SG,2,0,,,,
2017-01-21_-_19-00_Nantes_0_-_2_Paris_SG_corner_8.jpg,2017-01-21_-_19-00_Nantes_0_-_2_Paris_SG,2,0,,,,
2017-01-21_-_19-00_Nantes_0_-_2_Paris_SG_corner_10.jpg,2017-01-21_-_19-00_Nantes_0_-_2_Paris_SG,2,1,,,,
2017-02-10_-_22-45_Bordeaux_0_-_3_Paris_SG_corner_1.jpg,2017-02-10_-_22-45_Bordeaux_0_-_3_Paris_SG,1,0,,,,
2017-02-10_-_22-45_Bordeaux_0_-_3_Paris_SG_corner_2.jpg,2017-02-10_-_22-45_Bordeaux_0_-_3_Paris_SG,2,0,,,,
2017-02-10_-_22-45_Bordeaux_0_-_3_Paris_SG_corner_3.jpg,2017-02-10_-_22-45_Bordeaux_0_-_3_Paris_SG,2,0,,,,
2017-02-10_-_22-45_Bordeaux_0_-_3_Paris_SG_corner_4.jpg,2017-02-10_-_22-45_Bordeaux_0_-_3_Paris_SG,2,0,,,,
2017-02-19_-_23-00_Paris_SG_0_-_0_Toulouse_corner_1.jpg,2017-02-19_-_23-00_Paris_SG_0_-_0_Toulouse,1,0,,,,
2017-02-19_-_23-00_Paris_SG_0_-_0_Toulouse_corner_2.jpg,2017-02-19_-_23-00_Paris_SG_0_-_0_Toulouse,1,0,,,,
2017-02-19_-_23-00_Paris_SG_0_-_0_Toulouse_corner_3.jpg,2017-02-19_-_23-00_Paris_SG_0_-_0_Toulouse,1,0,,,,
2017-02-19_-_23-00_Paris_SG_0_-_0_Toulouse_corner_4.jpg,2017-02-19_-_23-00_Paris_SG_0_-_0_Toulouse,1,0,,,,
2017-02-19_-_23-00_Paris_SG_0_-_0_Toulouse_corner_5.jpg,2017-02-19_-_23-00_Paris_SG_0_-_0_Toulouse,2,0,,,,
2017-02-19_-_23-00_Paris_SG_0_-_0_Toulouse_corner_7.jpg,2017-02-19_-_23-00_Paris_SG_0_-_0_Toulouse,2,1,,,,
2017-02-19_-_23-00_Paris_SG_0_-_0_Toulouse_corner_8.jpg,2017-02-19_-_23-00_Paris_SG_0_-_0_Toulouse,2,0,,,,
2017-02-19_-_23-00_Paris_SG_0_-_0_Toulouse_corner_9.jpg,2017-02-19_-_23-00_Paris_SG_0_-_0_Toulouse,2,0,,,,
2017-02-26_-_23-00_Marseille_1_-_5_Paris_SG_corner_2.jpg,2017-02-26_-_23-00_Marseille_1_-_5_Paris_SG,1,1,,,,
2017-02-26_-_23-00_Marseille_1_-_5_Paris_SG_corner_3.jpg,2017-02-26_-_23-00_Marseille_1_-_5_Paris_SG,1,0,,,,
2017-02-26_-_23-00_Marseille_1_-_5_Paris_SG_corner_6.jpg,2017-02-26_-_23-00_Marseille_1_-_5_Paris_SG,1,1,,,,
2017-02-26_-_23-00_Marseille_1_-_5_Paris_SG_corner_7.jpg,2017-02-26_-_23-00_Marseille_1_-_5_Paris_SG,2,0,,,,
2017-02-26_-_23-00_Marseille_1_-_5_Paris_SG_corner_8.jpg,2017-02-26_-_23-00_Marseille_1_-_5_Paris_SG,2,0,,,,
2017-02-26_-_23-00_Marseille_1_-_5_Paris_SG_corner_9.jpg,2017-02-26_-_23-00_Marseille_1_-_5_Paris_SG,2,1,,,,
2017-02-26_-_23-00_Marseille_1_-_5_Paris_SG_corner_10.jpg,2017-02-26_-_23-00_Marseille_1_-_5_Paris_SG,2,0,,,,
2017-02-26_-_23-00_Marseille_1_-_5_Paris_SG_corner_11.jpg,2017-02-26_-_23-00_Marseille_1_-_5_Paris_SG,2,1,,,,
2017-02-26_-_23-00_Marseille_1_-_5_Paris_SG_corner_12.jpg,2017-02-26_-_23-00_Marseille_1_-_5_Paris_SG,2,1,,,,
2017-03-12_-_23-00_Lorient_1_-_2_Paris_SG_corner_2.jpg,2017-03-12_-_23-00_Lorient_1_-_2_Paris_SG,1,0,,,,
2017-03-12_-_23-00_Lorient_1_-_2_Paris_SG_corner_4.jpg,2017-03-12_-_23-00_Lorient_1_-_2_Paris_SG,1,0,,,,
2017-03-12_-_23-00_Lorient_1_-_2_Paris_SG_corner_6.jpg,2017-03-12_-_23-00_Lorient_1_-_2_Paris_SG,1,1,,,,
2017-03-12_-_23-00_Lorient_1_-_2_Paris_SG_corner_7.jpg,2017-03-12_-_23-00_Lorient_1_-_2_Paris_SG,2,0,,,,
2017-03-12_-_23-00_Lorient_1_-_2_Paris_SG_corner_9.jpg,2017-03-12_-_23-00_Lorient_1_-_2_Paris_SG,2,1,,,,
2017-03-12_-_23-00_Lorient_1_-_2_Paris_SG_corner_10.jpg,2017-03-12_-_23-00_Lorient_1_-_2_Paris_SG,2,1,,,,
2017-03-12_-_23-00_Lorient_1_-_2_Paris_SG_corner_11.jpg,2017-03-12_-_23-00_Lorient_1_-_2_Paris_SG,2,0,,,,
2017-03-12_-_23-00_Lorient_1_-_2_Paris_SG_corner_12.jpg,2017-03-12_-_23-00_Lorient_1_-_2_Paris_SG,2,0,,,,
2017-03-19_-_23-00_Paris_SG_2_-_1_Lyon_corner_2.jpg,2017-03-19_-_23-00_Paris_SG_2_-_1_Lyon,1,1,,,,
2017-03-19_-_23-00_Paris_SG_2_-_1_Lyon_corner_3.jpg,2017-03-19_-_23-00_Paris_SG_2_-_1_Lyon,1,0,,,,
2017-03-19_-_23-00_Paris_SG_2_-_1_Lyon_corner_4.jpg,2017-03-19_-_23-00_Paris_SG_2_-_1_Lyon,1,0,,,,
2017-03-19_-_23-00_Paris_SG_2_-_1_Lyon_corner_5.jpg,2017-03-19_-_23-00_Paris_SG_2_-_1_Lyon,1,0,,,,
2017-03-19_-_23-00_Paris_SG_2_-_1_Lyon_corner_6.jpg,2017-03-19_-_23-00_Paris_SG_2_-_1_Lyon,1,0,,,,
2017-03-19_-_23-00_Paris_SG_2_-_1_Lyon_corner_7.jpg,2017-03-19_-_23-00_Paris_SG_2_-_1_Lyon,1,0,,,,
2017-03-19_-_23-00_Paris_SG_2_-_1_Lyon_corner_8.jpg,2017-03-19_-_23-00_Paris_SG_2_-_1_Lyon,1,0,,,,
2017-03-19_-_23-00_Paris_SG_2_-_1_Lyon_corner_9.jpg,2017-03-19_-_23-00_Paris_SG_2_-_1_Lyon,1,0,,,,
2017-03-19_-_23-00_Paris_SG_2_-_1_Lyon_corner_10.jpg,2017-03-19_-_23-00_Paris_SG_2_-_1_Lyon,1,0,,,,
2017-03-19_-_23-00_Paris_SG_2_-_1_Lyon_corner_11.jpg,2017-03-19_-_23-00_Paris_SG_2_-_1_Lyon,1,0,,,,
2017-03-19_-_23-00_Paris_SG_2_-_1_Lyon_corner_12.jpg,2017-03-19_-_23-00_Paris_SG_2_-_1_Lyon,2,0,,,,
2017-03-19_-_23-00_Paris_SG_2_-_1_Lyon_corner_13.jpg,2017-03-19_-_23-00_Paris_SG_2_-_1_Lyon,2,0,,,,
2017-03-19_-_23-00_Paris_SG_2_-_1_Lyon_corner_14.jpg,2017-03-19_-_23-00_Paris_SG_2_-_1_Lyon,2,0,,,,
2017-03-19_-_23-00_Paris_SG_2_-_1_Lyon_corner_15.jpg,2017-03-19_-_23-00_Paris_SG_2_-_1_Lyon,2,0,,,,
2017-03-19_-_23-00_Paris_SG_2_-_1_Lyon_corner_16.jpg,2017-03-19_-_23-00_Paris_SG_2_-_1_Lyon,2,0,,,,
2017-04-14_-_21-45_Angers_0_-_2_Paris_SG_corner_1.jpg,2017-04-14_-_21-45_Angers_0_-_2_Paris_SG,1,0,,,,
2017-04-14_-_21-45_Angers_0_-_2_Paris_SG_corner_2.jpg,2017-04-14_-_21-45_Angers_0_-_2_Paris_SG,1,0,,,,
2017-04-14_-_21-45_Angers_0_-_2_Paris_SG_corner_3.jpg,2017-04-14_-_21-45_Angers_0_-_2_Paris_SG,1,0,,,,
2017-04-14_-_21-45_Angers_0_-_2_Paris_SG_corner_4.jpg,2017-04-14_-_21-45_Angers_0_-_2_Paris_SG,2,0,,,,
2017-04-14_-_21-45_Angers_0_-_2_Paris_SG_corner_5.jpg,2017-04-14_-_21-45_Angers_0_-_2_Paris_SG,2,0,,,,
2017-04-14_-_21-45_Angers_0_-_2_Paris_SG_corner_6.jpg,2017-04-14_-_21-45_Angers_0_-_2_Paris_SG,2,0,,,,
2017-04-18_-_19-30_Metz_2_-_3_Paris_SG_corner_1.jpg,2017-04-18_-_19-30_Metz_2_-_3_Paris_SG,1,0,,,,
2017-04-18_-_19-30_Metz_2_-_3_Paris_SG_corner_2.jpg,2017-04-18_-_19-30_Metz_2_-_3_Paris_SG,1,1,,,,
2017-04-18_-_19-30_Metz_2_-_3_Paris_SG_corner_3.jpg,2017-04-18_-_19-30_Metz_2_-_3_Paris_SG,1,0,,,,
2017-04-18_-_19-30_Metz_2_-_3_Paris_SG_corner_4.jpg,2017-04-18_-_19-30_Metz_2_-_3_Paris_SG,1,0,,,,
2017-04-18_-_19-30_Metz_2_-_3_Paris_SG_corner_5.jpg,2017-04-18_-_19-30_Metz_2_-_3_Paris_SG,1,1,,,,
2017-04-18_-_19-30_Metz_2_-_3_Paris_SG_corner_6.jpg,2017-04-18_-_19-30_Metz_2_-_3_Paris_SG,1,0,,,,
2017-04-18_-_19-30_Metz_2_-_3_Paris_SG_corner_7.jpg,2017-04-18_-_19-30_Metz_2_-_3_Paris_SG,2,0,,,,
2017-04-18_-_19-30_Metz_2_-_3_Paris_SG_corner_8.jpg,2017-04-18_-_19-30_Metz_2_-_3_Paris_SG,2,0,,,,
2017-04-22_-_18-00_Paris_SG_2_-_0_Montpellier_corner_2.jpg,2017-04-22_-_18-00_Paris_SG_2_-_0_Montpellier,1,0,,,,
2017-04-22_-_18-00_Paris_SG_2_-_0_Montpellier_corner_3.jpg,2017-04-22_-_18-00_Paris_SG_2_-_0_Montpellier,1,1,,,,
2017-04-22_-_18-00_Paris_SG_2_-_0_Montpellier_corner_4.jpg,2017-04-22_-_18-00_Paris_SG_2_-_0_Montpellier,1,0,,,,
2017-04-22_-_18-00_Paris_SG_2_-_0_Montpellier_corner_5.jpg,2017-04-22_-_18-00_Paris_SG_2_-_0_Montpellier,1,0,,,,
2017-04-22_-_18-00_Paris_SG_2_-_0_Montpellier_corner_6.jpg,2017-04-22_-_18-00_Paris_SG_2_-_0_Montpellier,1,0,,,,
2017-04-22_-_18-00_Paris_SG_2_-_0_Montpellier_corner_7.jpg,2017-04-22_-_18-00_Paris_SG_2_-_0_Montpellier,1,1,,,,
2017-04-22_-_18-00_Paris_SG_2_-_0_Montpellier_corner_8.jpg,2017-04-22_-_18-00_Paris_SG_2_-_0_Montpellier,1,0,,,,
2017-04-22_-_18-00_Paris_SG_2_-_0_Montpellier_corner_11.jpg,2017-04-22_-_18-00_Paris_SG_2_-_0_Montpellier,2,1,,,,
2017-04-30_-_22-00_Nice_3_-_1_Paris_SG_corner_1.jpg,2017-04-30_-_22-00_Nice_3_-_1_Paris_SG,1,0,,,,
2017-04-30_-_22-00_Nice_3_-_1_Paris_SG_corner_2.jpg,2017-04-30_-_22-00_Nice_3_-_1_Paris_SG,1,0,,,,
2017-04-30_-_22-00_Nice_3_-_1_Paris_SG_corner_4.jpg,2017-04-30_-_22-00_Nice_3_-_1_Paris_SG,1,0,,,,
2017-04-30_-_22-00_Nice_3_-_1_Paris_SG_corner_5.jpg,2017-04-30_-_22-00_Nice_3_-_1_Paris_SG,2,0,,,,
2017-04-30_-_22-00_Nice_3_-_1_Paris_SG_corner_6.jpg,2017-04-30_-_22-00_Nice_3_-_1_Paris_SG,2,1,,,,
2017-04-30_-_22-00_Nice_3_-_1_Paris_SG_corner_7.jpg,2017-04-30_-_22-00_Nice_3_-_1_Paris_SG,2,1,,,,
2017-04-30_-_22-00_Nice_3_-_1_Paris_SG_corner_8.jpg,2017-04-30_-_22-00_Nice_3_-_1_Paris_SG,2,1,,,,
2017-04-30_-_22-00_Nice_3_-_1_Paris_SG_corner_9.jpg,2017-04-30_-_22-00_Nice_3_-_1_Paris_SG,2,1,,,,
2017-04-30_-_22-00_Nice_3_-_1_Paris_SG_corner_10.jpg,2017-04-30_-_22-00_Nice_3_-_1_Paris_SG,2,0,,,,
2017-05-06_-_18-00_Paris_SG_5_-_0_Bastia_corner_3.jpg,2017-05-06_-_18-00_Paris_SG_5_-_0_Bastia,1,1,,,,
2017-05-06_-_18-00_Paris_SG_5_-_0_Bastia_corner_4.jpg,2017-05-06_-_18-00_Paris_SG_5_-_0_Bastia,1,0,,,,
2017-05-06_-_18-00_Paris_SG_5_-_0_Bastia_corner_5.jpg,2017-05-06_-_18-00_Paris_SG_5_-_0_Bastia,2,0,,,,
2017-05-06_-_18-00_Paris_SG_5_-_0_Bastia_corner_6.jpg,2017-05-06_-_18-00_Paris_SG_5_-_0_Bastia,2,0,,,,
2017-05-06_-_18-00_Paris_SG_5_-_0_Bastia_corner_7.jpg,2017-05-06_-_18-00_Paris_SG_5_-_0_Bastia,2,0,,,,
2017-05-06_-_18-00_Paris_SG_5_-_0_Bastia_corner_8.jpg,2017-05-06_-_18-00_Paris_SG_5_-_0_Bastia,2,0,,,,
2017-05-06_-_18-00_Paris_SG_5_-_0_Bastia_corner_9.jpg,2017-05-06_-_18-00_Paris_SG_5_-_0_Bastia,2,0,,,,
2017-05-06_-_18-00_Paris_SG_5_-_0_Bastia_corner_10.jpg,2017-05-06_-_18-00_Paris_SG_5_-_0_Bastia,2,0,,,,
2017-05-06_-_18-00_Paris_SG_5_-_0_Bastia_corner_11.jpg,2017-05-06_-_18-00_Paris_SG_5_-_0_Bastia,2,1,,,,
2017-05-06_-_18-00_Paris_SG_5_-_0_Bastia_corner_12.jpg,2017-05-06_-_18-00_Paris_SG_5_-_0_Bastia,2,0,,,,
2017-05-06_-_18-00_Paris_SG_5_-_0_Bastia_corner_13.jpg,2017-05-06_-_18-00_Paris_SG_5_-_0_Bastia,2,0,,,,
2017-05-06_-_18-00_Paris_SG_5_-_0_Bastia_corner_14.jpg,2017-05-06_-_18-00_Paris_SG_5_-_0_Bastia,2,0,,,,
2017-05-06_-_18-00_Paris_SG_5_-_0_Bastia_corner_15.jpg,2017-05-06_-_18-00_Paris_SG_5_-_0_Bastia,2,1,,,,
2017-05-20_-_22-00_Paris_SG_1_-_1_Caen_corner_1.jpg,2017-05-20_-_22-00_Paris_SG_1_-_1_Caen,1,0,,,,
2017-05-20_-_22-00_Paris_SG_1_-_1_Caen_corner_2.jpg,2017-05-20_-_22-00_Paris_SG_1_-_1_Caen,1,0,,,,
2017-05-20_-_22-00_Paris_SG_1_-_1_Caen_corner_4.jpg,2017-05-20_-_22-00_Paris_SG_1_-_1_Caen,1,0,,,,
2017-05-20_-_22-00_Paris_SG_1_-_1_Caen_corner_5.jpg,2017-05-20_-_22-00_Paris_SG_1_-_1_Caen,1,0,,,,
2017-05-20_-_22-00_Paris_SG_1_-_1_Caen_corner_6.jpg,2017-05-20_-_22-00_Paris_SG_1_-_1_Caen,1,0,,,,
2017-05-20_-_22-00_Paris_SG_1_-_1_Caen_corner_7.jpg,2017-05-20_-_22-00_Paris_SG_1_-_1_Caen,2,0,,,,
2017-05-20_-_22-00_Paris_SG_1_-_1_Caen_corner_8.jpg,2017-05-20_-_22-00_Paris_SG_1_-_1_Caen,2,0,,,,
2017-05-20_-_22-00_Paris_SG_1_-_1_Caen_corner_9.jpg,2017-05-20_-_22-00_Paris_SG_1_-_1_Caen,2,0,,,,
2017-05-20_-_22-00_Paris_SG_1_-_1_Caen_corner_10.jpg,2017-05-20_-_22-00_Paris_SG_1_-_1_Caen,2,0,,,,
2017-05-20_-_22-00_Paris_SG_1_-_1_Caen_corner_11.jpg,2017-05-20_-_22-00_Paris_SG_1_-_1_Caen,2,0,,,,
2015-09-26_-_18-30_Nantes_1_-_4_Paris_SG_corner_1.jpg,2015-09-26_-_18-30_Nantes_1_-_4_Paris_SG,1,0,,,,
2015-09-26_-_18-30_Nantes_1_-_4_Paris_SG_corner_2.jpg,2015-09-26_-_18-30_Nantes_1_-_4_Paris_SG,1,0,,,,
2015-09-26_-_18-30_Nantes_1_-_4_Paris_SG_corner_3.jpg,2015-09-26_-_18-30_Nantes_1_-_4_Paris_SG,1,0,,,,
2015-09-26_-_18-30_Nantes_1_-_4_Paris_SG_corner_4.jpg,2015-09-26_-_18-30_Nantes_1_-_4_Paris_SG,1,1,,,,
2015-09-26_-_18-30_Nantes_1_-_4_Paris_SG_corner_5.jpg,2015-09-26_-_18-30_Nantes_1_-_4_Paris_SG,1,0,,,,
2015-09-26_-_18-30_Nantes_1_-_4_Paris_SG_corner_7.jpg,2015-09-26_-_18-30_Nantes_1_-_4_Paris_SG,2,0,,,,
2015-09-26_-_18-30_Nantes_1_-_4_Paris_SG_corner_8.jpg,2015-09-26_-_18-30_Nantes_1_-_4_Paris_SG,2,0,,,,
2015-09-26_-_18-30_Nantes_1_-_4_Paris_SG_corner_9.jpg,2015-09-26_-_18-30_Nantes_1_-_4_Paris_SG,2,0,,,,
2015-09-26_-_18-30_Nantes_1_-_4_Paris_SG_corner_10.jpg,2015-09-26_-_18-30_Nantes_1_-_4_Paris_SG,2,1,,,,
2015-11-07_-_19-00_Paris_SG_5_-_0_Toulouse_corner_3.jpg,2015-11-07_-_19-00_Paris_SG_5_-_0_Toulouse,2,1,,,,
2015-11-07_-_19-00_Paris_SG_5_-_0_Toulouse_corner_5.jpg,2015-11-07_-_19-00_Paris_SG_5_-_0_Toulouse,2,0,,,,
2015-04-05_-_22-00_Marseille_2_-_3_Paris_SG_corner_2.jpg,2015-04-05_-_22-00_Marseille_2_-_3_Paris_SG,1,0,,,,
2015-04-05_-_22-00_Marseille_2_-_3_Paris_SG_corner_3.jpg,2015-04-05_-_22-00_Marseille_2_-_3_Paris_SG,2,1,,,,
2015-04-05_-_22-00_Marseille_2_-_3_Paris_SG_corner_4.jpg,2015-04-05_-_22-00_Marseille_2_-_3_Paris_SG,2,0,,,,
2016-09-13_-_21-45_Barcelona_7_-_0_Celtic_corner_1.jpg,2016-09-13_-_21-45_Barcelona_7_-_0_Celtic,1,0,,,,
2016-09-13_-_21-45_Barcelona_7_-_0_Celtic_corner_2.jpg,2016-09-13_-_21-45_Barcelona_7_-_0_Celtic,1,0,,,,
2016-09-13_-_21-45_Barcelona_7_-_0_Celtic_corner_3.jpg,2016-09-13_-_21-45_Barcelona_7_-_0_Celtic,1,0,,,,
2016-09-13_-_21-45_Barcelona_7_-_0_Celtic_corner_4.jpg,2016-09-13_-_21-45_Barcelona_7_-_0_Celtic,1,1,,,,
2016-09-13_-_21-45_Barcelona_7_-_0_Celtic_corner_5.jpg,2016-09-13_-_21-45_Barcelona_7_-_0_Celtic,1,1,,,,
2016-09-13_-_21-45_Barcelona_7_-_0_Celtic_corner_6.jpg,2016-09-13_-_21-45_Barcelona_7_-_0_Celtic,1,0,,,,
2016-09-13_-_21-45_Barcelona_7_-_0_Celtic_corner_8.jpg,2016-09-13_-_21-45_Barcelona_7_-_0_Celtic,1,1,,,,
2016-09-13_-_21-45_Barcelona_7_-_0_Celtic_corner_10.jpg,2016-09-13_-_21-45_Barcelona_7_-_0_Celtic,2,0,,,,
2016-09-13_-_21-45_Dyn._Kiev_1_-_2_Napoli_corner_3.jpg,2016-09-13_-_21-45_Dyn._Kiev_1_-_2_Napoli,1,0,,,,
2016-09-13_-_21-45_Dyn._Kiev_1_-_2_Napoli_corner_4.jpg,2016-09-13_-_21-45_Dyn._Kiev_1_-_2_Napoli,1,0,,,,
2016-09-13_-_21-45_Dyn._Kiev_1_-_2_Napoli_corner_5.jpg,2016-09-13_-_21-45_Dyn._Kiev_1_-_2_Napoli,1,0,,,,
2016-09-13_-_21-45_Dyn._Kiev_1_-_2_Napoli_corner_7.jpg,2016-09-13_-_21-45_Dyn._Kiev_1_-_2_Napoli,2,0,,,,
2016-09-13_-_21-45_Dyn._Kiev_1_-_2_Napoli_corner_8.jpg,2016-09-13_-_21-45_Dyn._Kiev_1_-_2_Napoli,2,0,,,,
2016-09-13_-_21-45_Dyn._Kiev_1_-_2_Napoli_corner_9.jpg,2016-09-13_-_21-45_Dyn._Kiev_1_-_2_Napoli,2,0,,,,
2016-09-13_-_21-45_Dyn._Kiev_1_-_2_Napoli_corner_10.jpg,2016-09-13_-_21-45_Dyn._Kiev_1_-_2_Napoli,2,1,,,,
2016-09-13_-_21-45_Dyn._Kiev_1_-_2_Napoli_corner_11.jpg,2016-09-13_-_21-45_Dyn._Kiev_1_-_2_Napoli,2,1,,,,
2016-09-13_-_21-45_Dyn._Kiev_1_-_2_Napoli_corner_12.jpg,2016-09-13_-_21-45_Dyn._Kiev_1_-_2_Napoli,2,0,,,,
2016-09-13_-_21-45_Dyn._Kiev_1_-_2_Napoli_corner_13.jpg,2016-09-13_-_21-45_Dyn._Kiev_1_-_2_Napoli,2,0,,,,
2016-09-13_-_21-45_Dyn._Kiev_1_-_2_Napoli_corner_14.jpg,2016-09-13_-_21-45_Dyn._Kiev_1_-_2_Napoli,2,1,,,,
2016-09-28_-_21-45_Ludogorets_1_-_3_Paris_SG_corner_1.jpg,2016-09-28_-_21-45_Ludogorets_1_-_3_Paris_SG,1,0,,,,
2016-09-28_-_21-45_Ludogorets_1_-_3_Paris_SG_corner_2.jpg,2016-09-28_-_21-45_Ludogorets_1_-_3_Paris_SG,1,0,,,,
2016-09-28_-_21-45_Ludogorets_1_-_3_Paris_SG_corner_3.jpg,2016-09-28_-_21-45_Ludogorets_1_-_3_Paris_SG,1,0,,,,
2016-09-28_-_21-45_Ludogorets_1_-_3_Paris_SG_corner_4.jpg,2016-09-28_-_21-45_Ludogorets_1_-_3_Paris_SG,1,1,,,,
2016-10-19_-_21-45_Barcelona_4_-_0_Manchester_City_corner_1.jpg,2016-10-19_-_21-45_Barcelona_4_-_0_Manchester_City,1,0,,,,
2016-10-19_-_21-45_Barcelona_4_-_0_Manchester_City_corner_2.jpg,2016-10-19_-_21-45_Barcelona_4_-_0_Manchester_City,1,0,,,,
2016-10-19_-_21-45_Barcelona_4_-_0_Manchester_City_corner_3.jpg,2016-10-19_-_21-45_Barcelona_4_-_0_Manchester_City,1,1,,,,
2016-10-19_-_21-45_Barcelona_4_-_0_Manchester_City_corner_4.jpg,2016-10-19_-_21-45_Barcelona_4_-_0_Manchester_City,2,1,,,,
2016-10-19_-_21-45_Barcelona_4_-_0_Manchester_City_corner_5.jpg,2016-10-19_-_21-45_Barcelona_4_-_0_Manchester_City,2,0,,,,
2016-10-19_-_21-45_Barcelona_4_-_0_Manchester_City_corner_6.jpg,2016-10-19_-_21-45_Barcelona_4_-_0_Manchester_City,2,0,,,,
2016-11-23_-_22-45_Celtic_0_-_2_Barcelona_corner_1.jpg,2016-11-23_-_22-45_Celtic_0_-_2_Barcelona,1,0,,,,
2016-11-23_-_22-45_Celtic_0_-_2_Barcelona_corner_4.jpg,2016-11-23_-_22-45_Celtic_0_-_2_Barcelona,2,0,,,,
2016-11-23_-_22-45_Celtic_0_-_2_Barcelona_corner_6.jpg,2016-11-23_-_22-45_Celtic_0_-_2_Barcelona,2,0,,,,
2016-11-23_-_22-45_Napoli_0_-_0_Dyn._Kiev_corner_1.jpg,2016-11-23_-_22-45_Napoli_0_-_0_Dyn._Kiev,1,0,,,,
2016-11-23_-_22-45_Napoli_0_-_0_Dyn._Kiev_corner_2.jpg,2016-11-23_-_22-45_Napoli_0_-_0_Dyn._Kiev,1,0,,,,
2016-11-23_-_22-45_Napoli_0_-_0_Dyn._Kiev_corner_3.jpg,2016-11-23_-_22-45_Napoli_0_-_0_Dyn._Kiev,1,0,,,,
2016-11-23_-_22-45_Napoli_0_-_0_Dyn._Kiev_corner_4.jpg,2016-11-23_-_22-45_Napoli_0_-_0_Dyn._Kiev,1,0,,,,
2016-11-23_-_22-45_Napoli_0_-_0_Dyn._Kiev_corner_5.jpg,2016-11-23_-_22-45_Napoli_0_-_0_Dyn._Kiev,1,0,,,,
2016-11-23_-_22-45_Napoli_0_-_0_Dyn._Kiev_corner_6.jpg,2016-11-23_-_22-45_Napoli_0_-_0_Dyn._Kiev,1,0,,,,
2016-11-23_-_22-45_Napoli_0_-_0_Dyn._Kiev_corner_7.jpg,2016-11-23_-_22-45_Napoli_0_-_0_Dyn._Kiev,1,0,,,,
2016-11-23_-_22-45_Napoli_0_-_0_Dyn._Kiev_corner_8.jpg,2016-11-23_-_22-45_Napoli_0_-_0_Dyn._Kiev,2,0,,,,
2016-11-23_-_22-45_Napoli_0_-_0_Dyn._Kiev_corner_10.jpg,2016-11-23_-_22-45_Napoli_0_-_0_Dyn._Kiev,2,0,,,,
2016-11-23_-_22-45_Napoli_0_-_0_Dyn._Kiev_corner_11.jpg,2016-11-23_-_22-45_Napoli_0_-_0_Dyn._Kiev,2,0,,,,
2016-11-23_-_22-45_Napoli_0_-_0_Dyn._Kiev_corner_12.jpg,2016-11-23_-_22-45_Napoli_0_-_0_Dyn._Kiev,2,0,,,,
2016-11-23_-_22-45_Napoli_0_-_0_Dyn._Kiev_corner_13.jpg,2016-11-23_-_22-45_Napoli_0_-_0_Dyn._Kiev,2,1,,,,
2016-11-23_-_22-45_Napoli_0_-_0_Dyn._Kiev_corner_14.jpg,2016-11-23_-_22-45_Napoli_0_-_0_Dyn._Kiev,2,0,,,,
2016-11-23_-_22-45_Napoli_0_-_0_Dyn._Kiev_corner_15.jpg,2016-11-23_-_22-45_Napoli_0_-_0_Dyn._Kiev,2,0,,,,
2016-11-23_-_22-45_Napoli_0_-_0_Dyn._Kiev_corner_16.jpg,2016-11-23_-_22-45_Napoli_0_-_0_Dyn._Kiev,2,0,,,,
2016-11-23_-_22-45_Napoli_0_-_0_Dyn._Kiev_corner_17.jpg,2016-11-23_-_22-45_Napoli_0_-_0_Dyn._Kiev,2,0,,,,
2016-11-23_-_22-45_Napoli_0_-_0_Dyn._Kiev_corner_18.jpg,2016-11-23_-_22-45_Napoli_0_-_0_Dyn._Kiev,2,0,,,,
2016-11-23_-_22-45_Napoli_0_-_0_Dyn._Kiev_corner_19.jpg,2016-11-23_-_22-45_Napoli_0_-_0_Dyn._Kiev,2,1,,,,
2016-12-06_-_22-45_Benfica_1_-_2_Napoli_corner_1.jpg,2016-12-06_-_22-45_Benfica_1_-_2_Napoli,1,0,,,,
2016-12-06_-_22-45_Benfica_1_-_2_Napoli_corner_2.jpg,2016-12-06_-_22-45_Benfica_1_-_2_Napoli,1,1,,,,
2016-12-06_-_22-45_Benfica_1_-_2_Napoli_corner_4.jpg,2016-12-06_-_22-45_Benfica_1_-_2_Napoli,1,0,,,,
2016-12-06_-_22-45_Benfica_1_-_2_Napoli_corner_5.jpg,2016-12-06_-_22-45_Benfica_1_-_2_Napoli,1,0,,,,
2016-12-06_-_22-45_Benfica_1_-_2_Napoli_corner_6.jpg,2016-12-06_-_22-45_Benfica_1_-_2_Napoli,2,1,,,,
2016-12-06_-_22-45_Benfica_1_-_2_Napoli_corner_8.jpg,2016-12-06_-_22-45_Benfica_1_-_2_Napoli,2,0,,,,
2016-12-06_-_22-45_Benfica_1_-_2_Napoli_corner_9.jpg,2016-12-06_-_22-45_Benfica_1_-_2_Napoli,2,0,,,,
2017-02-14_-_22-45_Paris_SG_4_-_0_Barcelona_corner_1.jpg,2017-02-14_-_22-45_Paris_SG_4_-_0_Barcelona,1,0,,,,
2017-02-14_-_22-45_Paris_SG_4_-_0_Barcelona_corner_2.jpg,2017-02-14_-_22-45_Paris_SG_4_-_0_Barcelona,1,0,,,,
2017-02-14_-_22-45_Paris_SG_4_-_0_Barcelona_corner_4.jpg,2017-02-14_-_22-45_Paris_SG_4_-_0_Barcelona,1,0,,,,
2017-02-14_-_22-45_Paris_SG_4_-_0_Barcelona_corner_5.jpg,2017-02-14_-_22-45_Paris_SG_4_-_0_Barcelona,2,1,,,,
2017-02-15_-_22-45_Real_Madrid_3_-_1_Napoli_corner_1.jpg,2017-02-15_-_22-45_Real_Madrid_3_-_1_Napoli,1,0,,,,
2017-02-15_-_22-45_Real_Madrid_3_-_1_Napoli_corner_3.jpg,2017-02-15_-_22-45_Real_Madrid_3_-_1_Napoli,1,1,,,,
2017-02-15_-_22-45_Real_Madrid_3_-_1_Napoli_corner_4.jpg,2017-02-15_-_22-45_Real_Madrid_3_-_1_Napoli,2,0,,,,
2017-02-15_-_22-45_Real_Madrid_3_-_1_Napoli_corner_5.jpg,2017-02-15_-_22-45_Real_Madrid_3_-_1_Napoli,2,0,,,,
2017-02-15_-_22-45_Real_Madrid_3_-_1_Napoli_corner_6.jpg,2017-02-15_-_22-45_Real_Madrid_3_-_1_Napoli,2,1,,,,
2017-03-07_-_22-45_Napoli_1_-_3_Real_Madrid_corner_2.jpg,2017-03-07_-_22-45_Napoli_1_-_3_Real_Madrid,1,0,,,,
2017-03-07_-_22-45_Napoli_1_-_3_Real_Madrid_corner_3.jpg,2017-03-07_-_22-45_Napoli_1_-_3_Real_Madrid,1,0,,,,
2017-03-07_-_22-45_Napoli_1_-_3_Real_Madrid_corner_4.jpg,2017-03-07_-_22-45_Napoli_1_-_3_Real_Madrid,1,0,,,,
2017-03-07_-_22-45_Napoli_1_-_3_Real_Madrid_corner_5.jpg,2017-03-07_-_22-45_Napoli_1_-_3_Real_Madrid,1,1,,,,
2017-03-07_-_22-45_Napoli_1_-_3_Real_Madrid_corner_6.jpg,2017-03-07_-_22-45_Napoli_1_-_3_Real_Madrid,1,0,,,,
2017-03-07_-_22-45_Napoli_1_-_3_Real_Madrid_corner_7.jpg,2017-03-07_-_22-45_Napoli_1_-_3_Real_Madrid,2,0,,,,
2017-03-07_-_22-45_Napoli_1_-_3_Real_Madrid_corner_8.jpg,2017-03-07_-_22-45_Napoli_1_-_3_Real_Madrid,2,1,,,,
2017-03-07_-_22-45_Napoli_1_-_3_Real_Madrid_corner_9.jpg,2017-03-07_-_22-45_Napoli_1_-_3_Real_Madrid,2,0,,,,
2017-03-07_-_22-45_Napoli_1_-_3_Real_Madrid_corner_10.jpg,2017-03-07_-_22-45_Napoli_1_-_3_Real_Madrid,2,1,,,,
2017-03-07_-_22-45_Napoli_1_-_3_Real_Madrid_corner_12.jpg,2017-03-07_-_22-45_Napoli_1_-_3_Real_Madrid,2,0,,,,
2017-03-07_-_22-45_Napoli_1_-_3_Real_Madrid_corner_13.jpg,2017-03-07_-_22-45_Napoli_1_-_3_Real_Madrid,2,1,,,,
2017-04-18_-_21-45_Real_Madrid_4_-_2_Bayern_Munich_corner_1.jpg,2017-04-18_-_21-45_Real_Madrid_4_-_2_Bayern_Munich,1,0,,,,
2017-04-18_-_21-45_Real_Madrid_4_-_2_Bayern_Munich_corner_2.jpg,2017-04-18_-_21-45_Real_Madrid_4_-_2_Bayern_Munich,1,0,,,,
2017-04-18_-_21-45_Real_Madrid_4_-_2_Bayern_Munich_corner_3.jpg,2017-04-18_-_21-45_Real_Madrid_4_-_2_Bayern_Munich,1,0,,,,
2017-04-18_-_21-45_Real_Madrid_4_-_2_Bayern_Munich_corner_4.jpg,2017-04-18_-_21-45_Real_Madrid_4_-_2_Bayern_Munich,1,0,,,,
2017-04-18_-_21-45_Real_Madrid_4_-_2_Bayern_Munich_corner_5.jpg,2017-04-18_-_21-45_Real_Madrid_4_-_2_Bayern_Munich,1,0,,,,
2017-04-18_-_21-45_Real_Madrid_4_-_2_Bayern_Munich_corner_6.jpg,2017-04-18_-_21-45_Real_Madrid_4_-_2_Bayern_Munich,1,0,,,,
2017-04-18_-_21-45_Real_Madrid_4_-_2_Bayern_Munich_corner_7.jpg,2017-04-18_-_21-45_Real_Madrid_4_-_2_Bayern_Munich,1,0,,,,
2017-04-18_-_21-45_Real_Madrid_4_-_2_Bayern_Munich_corner_10.jpg,2017-04-18_-_21-45_Real_Madrid_4_-_2_Bayern_Munich,2,1,,,,
2017-04-18_-_21-45_Real_Madrid_4_-_2_Bayern_Munich_corner_11.jpg,2017-04-18_-_21-45_Real_Madrid_4_-_2_Bayern_Munich,2,0,,,,
2017-04-18_-_21-45_Real_Madrid_4_-_2_Bayern_Munich_corner_12.jpg,2017-04-18_-_21-45_Real_Madrid_4_-_2_Bayern_Munich,2,0,,,,
2015-09-15_-_21-45_Galatasaray_0_-_2_Atl._Madrid_corner_1.jpg,2015-09-15_-_21-45_Galatasaray_0_-_2_Atl._Madrid,1,0,,,,
2015-09-15_-_21-45_Galatasaray_0_-_2_Atl._Madrid_corner_2.jpg,2015-09-15_-_21-45_Galatasaray_0_-_2_Atl._Madrid,1,0,,,,
2015-09-15_-_21-45_Galatasaray_0_-_2_Atl._Madrid_corner_3.jpg,2015-09-15_-_21-45_Galatasaray_0_-_2_Atl._Madrid,1,1,,,,
2015-09-15_-_21-45_Galatasaray_0_-_2_Atl._Madrid_corner_4.jpg,2015-09-15_-_21-45_Galatasaray_0_-_2_Atl._Madrid,1,0,,,,
2015-09-15_-_21-45_Galatasaray_0_-_2_Atl._Madrid_corner_5.jpg,2015-09-15_-_21-45_Galatasaray_0_-_2_Atl._Madrid,1,0,,,,
2015-09-15_-_21-45_Galatasaray_0_-_2_Atl._Madrid_corner_8.jpg,2015-09-15_-_21-45_Galatasaray_0_-_2_Atl._Madrid,2,0,,,,
2015-09-15_-_21-45_Galatasaray_0_-_2_Atl._Madrid_corner_11.jpg,2015-09-15_-_21-45_Galatasaray_0_-_2_Atl._Madrid,2,0,,,,
2015-09-15_-_21-45_Galatasaray_0_-_2_Atl._Madrid_corner_12.jpg,2015-09-15_-_21-45_Galatasaray_0_-_2_Atl._Madrid,2,0,,,,
2015-09-15_-_21-45_Manchester_City_1_-_2_Juventus_corner_1.jpg,2015-09-15_-_21-45_Manchester_City_1_-_2_Juventus,1,0,,,,
2015-09-15_-_21-45_Manchester_City_1_-_2_Juventus_corner_2.jpg,2015-09-15_-_21-45_Manchester_City_1_-_2_Juventus,1,0,,,,
2015-09-15_-_21-45_Manchester_City_1_-_2_Juventus_corner_3.jpg,2015-09-15_-_21-45_Manchester_City_1_-_2_Juventus,1,1,,,,
2015-09-15_-_21-45_Manchester_City_1_-_2_Juventus_corner_4.jpg,2015-09-15_-_21-45_Manchester_City_1_-_2_Juventus,2,1,,,,
2015-09-15_-_21-45_Manchester_City_1_-_2_Juventus_corner_6.jpg,2015-09-15_-_21-45_Manchester_City_1_-_2_Juventus,2,1,,,,
2015-09-15_-_21-45_Manchester_City_1_-_2_Juventus_corner_7.jpg,2015-09-15_-_21-45_Manchester_City_1_-_2_Juventus,2,1,,,,
2015-09-15_-_21-45_Paris_SG_2_-_0_Malmo_FF_corner_1.jpg,2015-09-15_-_21-45_Paris_SG_2_-_0_Malmo_FF,1,0,,,,
2015-09-15_-_21-45_Paris_SG_2_-_0_Malmo_FF_corner_2.jpg,2015-09-15_-_21-45_Paris_SG_2_-_0_Malmo_FF,1,0,,,,
2015-09-15_-_21-45_Paris_SG_2_-_0_Malmo_FF_corner_3.jpg,2015-09-15_-_21-45_Paris_SG_2_-_0_Malmo_FF,1,0,,,,
2015-09-15_-_21-45_Paris_SG_2_-_0_Malmo_FF_corner_5.jpg,2015-09-15_-_21-45_Paris_SG_2_-_0_Malmo_FF,1,0,,,,
2015-09-15_-_21-45_Paris_SG_2_-_0_Malmo_FF_corner_6.jpg,2015-09-15_-_21-45_Paris_SG_2_-_0_Malmo_FF,1,0,,,,
2015-09-15_-_21-45_Paris_SG_2_-_0_Malmo_FF_corner_7.jpg,2015-09-15_-_21-45_Paris_SG_2_-_0_Malmo_FF,2,0,,,,
2015-09-15_-_21-45_Paris_SG_2_-_0_Malmo_FF_corner_8.jpg,2015-09-15_-_21-45_Paris_SG_2_-_0_Malmo_FF,2,0,,,,
2015-09-15_-_21-45_Paris_SG_2_-_0_Malmo_FF_corner_9.jpg,2015-09-15_-_21-45_Paris_SG_2_-_0_Malmo_FF,2,0,,,,
2015-09-15_-_21-45_Paris_SG_2_-_0_Malmo_FF_corner_10.jpg,2015-09-15_-_21-45_Paris_SG_2_-_0_Malmo_FF,2,0,,,,
2015-09-15_-_21-45_Paris_SG_2_-_0_Malmo_FF_corner_11.jpg,2015-09-15_-_21-45_Paris_SG_2_-_0_Malmo_FF,2,1,,,,
2015-09-15_-_21-45_Paris_SG_2_-_0_Malmo_FF_corner_12.jpg,2015-09-15_-_21-45_Paris_SG_2_-_0_Malmo_FF,2,1,,,,
2015-09-15_-_21-45_Paris_SG_2_-_0_Malmo_FF_corner_13.jpg,2015-09-15_-_21-45_Paris_SG_2_-_0_Malmo_FF,2,0,,,,
2015-09-15_-_21-45_Real_Madrid_4_-_0_Shakhtar_Donetsk_corner_2.jpg,2015-09-15_-_21-45_Real_Madrid_4_-_0_Shakhtar_Donetsk,1,1,,,,
2015-09-15_-_21-45_Real_Madrid_4_-_0_Shakhtar_Donetsk_corner_3.jpg,2015-09-15_-_21-45_Real_Madrid_4_-_0_Shakhtar_Donetsk,2,0,,,,
2015-09-15_-_21-45_Real_Madrid_4_-_0_Shakhtar_Donetsk_corner_4.jpg,2015-09-15_-_21-45_Real_Madrid_4_-_0_Shakhtar_Donetsk,2,0,,,,
2015-09-15_-_21-45_Real_Madrid_4_-_0_Shakhtar_Donetsk_corner_6.jpg,2015-09-15_-_21-45_Real_Madrid_4_-_0_Shakhtar_Donetsk,2,1,,,,
2015-09-15_-_21-45_Real_Madrid_4_-_0_Shakhtar_Donetsk_corner_7.jpg,2015-09-15_-_21-45_Real_Madrid_4_-_0_Shakhtar_Donetsk,2,0,,,,
2015-09-15_-_21-45_Sevilla_3_-_0_B._Monchengladbach_corner_1.jpg,2015-09-15_-_21-45_Sevilla_3_-_0_B._Monchengladbach,1,0,,,,
2015-09-15_-_21-45_Sevilla_3_-_0_B._Monchengladbach_corner_2.jpg,2015-09-15_-_21-45_Sevilla_3_-_0_B._Monchengladbach,1,0,,,,
2015-09-15_-_21-45_Sevilla_3_-_0_B._Monchengladbach_corner_4.jpg,2015-09-15_-_21-45_Sevilla_3_-_0_B._Monchengladbach,1,1,,,,
2015-09-16_-_21-45_AS_Roma_1_-_1_Barcelona_corner_1.jpg,2015-09-16_-_21-45_AS_Roma_1_-_1_Barcelona,1,0,,,,
2015-09-16_-_21-45_AS_Roma_1_-_1_Barcelona_corner_2.jpg,2015-09-16_-_21-45_AS_Roma_1_-_1_Barcelona,1,0,,,,
2015-09-16_-_21-45_AS_Roma_1_-_1_Barcelona_corner_3.jpg,2015-09-16_-_21-45_AS_Roma_1_-_1_Barcelona,2,0,,,,
2015-09-16_-_21-45_AS_Roma_1_-_1_Barcelona_corner_4.jpg,2015-09-16_-_21-45_AS_Roma_1_-_1_Barcelona,2,0,,,,
2015-09-16_-_21-45_AS_Roma_1_-_1_Barcelona_corner_5.jpg,2015-09-16_-_21-45_AS_Roma_1_-_1_Barcelona,2,0,,,,
2015-09-16_-_21-45_Bayer_Leverkusen_4_-_1_BATE_corner_1.jpg,2015-09-16_-_21-45_Bayer_Leverkusen_4_-_1_BATE,1,1,,,,
2015-09-16_-_21-45_Bayer_Leverkusen_4_-_1_BATE_corner_2.jpg,2015-09-16_-_21-45_Bayer_Leverkusen_4_-_1_BATE,1,0,,,,
2015-09-16_-_21-45_Bayer_Leverkusen_4_-_1_BATE_corner_3.jpg,2015-09-16_-_21-45_Bayer_Leverkusen_4_-_1_BATE,1,1,,,,
2015-09-16_-_21-45_Bayer_Leverkusen_4_-_1_BATE_corner_5.jpg,2015-09-16_-_21-45_Bayer_Leverkusen_4_-_1_BATE,2,1,,,,
2015-09-16_-_21-45_Gent_1_-_1_Lyon_corner_1.jpg,2015-09-16_-_21-45_Gent_1_-_1_Lyon,1,0,,,,
2015-09-16_-_21-45_Gent_1_-_1_Lyon_corner_2.jpg,2015-09-16_-_21-45_Gent_1_-_1_Lyon,1,1,,,,
2015-09-16_-_21-45_Gent_1_-_1_Lyon_corner_3.jpg,2015-09-16_-_21-45_Gent_1_-_1_Lyon,1,0,,,,
2015-09-16_-_21-45_Gent_1_-_1_Lyon_corner_4.jpg,2015-09-16_-_21-45_Gent_1_-_1_Lyon,2,1,,,,
2015-09-16_-_21-45_Gent_1_-_1_Lyon_corner_5.jpg,2015-09-16_-_21-45_Gent_1_-_1_Lyon,2,0,,,,
2015-09-16_-_21-45_Gent_1_-_1_Lyon_corner_6.jpg,2015-09-16_-_21-45_Gent_1_-_1_Lyon,2,0,,,,
2015-09-16_-_21-45_Gent_1_-_1_Lyon_corner_7.jpg,2015-09-16_-_21-45_Gent_1_-_1_Lyon,2,1,,,,
2015-09-16_-_21-45_Gent_1_-_1_Lyon_corner_8.jpg,2015-09-16_-_21-45_Gent_1_-_1_Lyon,2,0,,,,
2015-09-16_-_21-45_Gent_1_-_1_Lyon_corner_9.jpg,2015-09-16_-_21-45_Gent_1_-_1_Lyon,2,0,,,,
2015-09-16_-_21-45_Gent_1_-_1_Lyon_corner_10.jpg,2015-09-16_-_21-45_Gent_1_-_1_Lyon,2,0,,,,
2015-09-16_-_21-45_Gent_1_-_1_Lyon_corner_11.jpg,2015-09-16_-_21-45_Gent_1_-_1_Lyon,2,0,,,,
2015-09-29_-_21-45_Arsenal_2_-_3_Olympiakos_Piraeus_corner_1.jpg,2015-09-29_-_21-45_Arsenal_2_-_3_Olympiakos_Piraeus,1,0,,,,
2015-09-29_-_21-45_Arsenal_2_-_3_Olympiakos_Piraeus_corner_2.jpg,2015-09-29_-_21-45_Arsenal_2_-_3_Olympiakos_Piraeus,1,1,,,,
2015-09-29_-_21-45_Arsenal_2_-_3_Olympiakos_Piraeus_corner_4.jpg,2015-09-29_-_21-45_Arsenal_2_-_3_Olympiakos_Piraeus,2,0,,,,
2015-09-29_-_21-45_Arsenal_2_-_3_Olympiakos_Piraeus_corner_8.jpg,2015-09-29_-_21-45_Arsenal_2_-_3_Olympiakos_Piraeus,2,0,,,,
2015-09-29_-_21-45_Arsenal_2_-_3_Olympiakos_Piraeus_corner_11.jpg,2015-09-29_-_21-45_Arsenal_2_-_3_Olympiakos_Piraeus,2,0,,,,
2015-09-29_-_21-45_Arsenal_2_-_3_Olympiakos_Piraeus_corner_12.jpg,2015-09-29_-_21-45_Arsenal_2_-_3_Olympiakos_Piraeus,2,1,,,,
2015-09-29_-_21-45_Lyon_0_-_1_Valencia_corner_2.jpg,2015-09-29_-_21-45_Lyon_0_-_1_Valencia,1,0,,,,
2015-09-29_-_21-45_Lyon_0_-_1_Valencia_corner_4.jpg,2015-09-29_-_21-45_Lyon_0_-_1_Valencia,1,0,,,,
2015-09-29_-_21-45_Lyon_0_-_1_Valencia_corner_6.jpg,2015-09-29_-_21-45_Lyon_0_-_1_Valencia,2,0,,,,
2015-09-29_-_21-45_Lyon_0_-_1_Valencia_corner_7.jpg,2015-09-29_-_21-45_Lyon_0_-_1_Valencia,2,0,,,,
2015-09-29_-_21-45_Lyon_0_-_1_Valencia_corner_9.jpg,2015-09-29_-_21-45_Lyon_0_-_1_Valencia,2,0,,,,
2015-09-29_-_21-45_Lyon_0_-_1_Valencia_corner_10.jpg,2015-09-29_-_21-45_Lyon_0_-_1_Valencia,2,0,,,,
2015-09-29_-_21-45_Lyon_0_-_1_Valencia_corner_11.jpg,2015-09-29_-_21-45_Lyon_0_-_1_Valencia,2,1,,,,
2015-09-29_-_21-45_Lyon_0_-_1_Valencia_corner_12.jpg,2015-09-29_-_21-45_Lyon_0_-_1_Valencia,2,1,,,,
2015-09-29_-_21-45_Lyon_0_-_1_Valencia_corner_13.jpg,2015-09-29_-_21-45_Lyon_0_-_1_Valencia,2,0,,,,
2015-10-20_-_21-45_Arsenal_2_-_0_Bayern_Munich_corner_1.jpg,2015-10-20_-_21-45_Arsenal_2_-_0_Bayern_Munich,1,0,,,,
2015-10-20_-_21-45_Arsenal_2_-_0_Bayern_Munich_corner_2.jpg,2015-10-20_-_21-45_Arsenal_2_-_0_Bayern_Munich,1,0,,,,
2015-10-20_-_21-45_Arsenal_2_-_0_Bayern_Munich_corner_7.jpg,2015-10-20_-_21-45_Arsenal_2_-_0_Bayern_Munich,1,0,,,,
2015-10-20_-_21-45_Arsenal_2_-_0_Bayern_Munich_corner_8.jpg,2015-10-20_-_21-45_Arsenal_2_-_0_Bayern_Munich,1,0,,,,
2015-10-20_-_21-45_Arsenal_2_-_0_Bayern_Munich_corner_12.jpg,2015-10-20_-_21-45_Arsenal_2_-_0_Bayern_Munich,2,0,,,,
2015-10-20_-_21-45_Arsenal_2_-_0_Bayern_Munich_corner_14.jpg,2015-10-20_-_21-45_Arsenal_2_-_0_Bayern_Munich,2,1,,,,
2015-11-03_-_18-00_FC_Astana_0_-_0_Atl._Madrid_corner_1.jpg,2015-11-03_-_18-00_FC_Astana_0_-_0_Atl._Madrid,1,0,,,,
2015-11-03_-_18-00_FC_Astana_0_-_0_Atl._Madrid_corner_2.jpg,2015-11-03_-_18-00_FC_Astana_0_-_0_Atl._Madrid,1,1,,,,
2015-11-03_-_18-00_FC_Astana_0_-_0_Atl._Madrid_corner_3.jpg,2015-11-03_-_18-00_FC_Astana_0_-_0_Atl._Madrid,1,0,,,,
2015-11-03_-_18-00_FC_Astana_0_-_0_Atl._Madrid_corner_4.jpg,2015-11-03_-_18-00_FC_Astana_0_-_0_Atl._Madrid,1,0,,,,
2015-11-03_-_18-00_FC_Astana_0_-_0_Atl._Madrid_corner_5.jpg,2015-11-03_-_18-00_FC_Astana_0_-_0_Atl._Madrid,1,0,,,,
2015-11-03_-_18-00_FC_Astana_0_-_0_Atl._Madrid_corner_7.jpg,2015-11-03_-_18-00_FC_Astana_0_-_0_Atl._Madrid,1,0,,,,
2015-11-03_-_18-00_FC_Astana_0_-_0_Atl._Madrid_corner_8.jpg,2015-11-03_-_18-00_FC_Astana_0_-_0_Atl._Madrid,2,1,,,,
2015-11-03_-_18-00_FC_Astana_0_-_0_Atl._Madrid_corner_9.jpg,2015-11-03_-_18-00_FC_Astana_0_-_0_Atl._Madrid,2,1,,,,
2015-11-03_-_18-00_FC_Astana_0_-_0_Atl._Madrid_corner_10.jpg,2015-11-03_-_18-00_FC_Astana_0_-_0_Atl._Madrid,2,0,,,,
2015-11-03_-_18-00_FC_Astana_0_-_0_Atl._Madrid_corner_11.jpg,2015-11-03_-_18-00_FC_Astana_0_-_0_Atl._Madrid,2,0,,,,
2015-11-03_-_22-45_B._Monchengladbach_1_-_1_Juventus_corner_1.jpg,2015-11-03_-_22-45_B._Monchengladbach_1_-_1_Juventus,1,1,,,,
2015-11-03_-_22-45_B._Monchengladbach_1_-_1_Juventus_corner_2.jpg,2015-11-03_-_22-45_B._Monchengladbach_1_-_1_Juventus,1,0,,,,
2015-11-03_-_22-45_B._Monchengladbach_1_-_1_Juventus_corner_3.jpg,2015-11-03_-_22-45_B._Monchengladbach_1_-_1_Juventus,1,1,,,,
2015-11-03_-_22-45_B._Monchengladbach_1_-_1_Juventus_corner_4.jpg,2015-11-03_-_22-45_B._Monchengladbach_1_-_1_Juventus,1,1,,,,
2015-11-03_-_22-45_B._Monchengladbach_1_-_1_Juventus_corner_5.jpg,2015-11-03_-_22-45_B._Monchengladbach_1_-_1_Juventus,2,0,,,,
2015-11-03_-_22-45_B._Monchengladbach_1_-_1_Juventus_corner_6.jpg,2015-11-03_-_22-45_B._Monchengladbach_1_-_1_Juventus,2,0,,,,
2015-11-03_-_22-45_B._Monchengladbach_1_-_1_Juventus_corner_7.jpg,2015-11-03_-_22-45_B._Monchengladbach_1_-_1_Juventus,2,1,,,,
2015-11-03_-_22-45_B._Monchengladbach_1_-_1_Juventus_corner_8.jpg,2015-11-03_-_22-45_B._Monchengladbach_1_-_1_Juventus,2,1,,,,
2015-11-03_-_22-45_B._Monchengladbach_1_-_1_Juventus_corner_10.jpg,2015-11-03_-_22-45_B._Monchengladbach_1_-_1_Juventus,2,0,,,,
2015-11-03_-_22-45_B._Monchengladbach_1_-_1_Juventus_corner_11.jpg,2015-11-03_-_22-45_B._Monchengladbach_1_-_1_Juventus,2,0,,,,
2015-11-03_-_22-45_B._Monchengladbach_1_-_1_Juventus_corner_12.jpg,2015-11-03_-_22-45_B._Monchengladbach_1_-_1_Juventus,2,0,,,,
2015-11-03_-_22-45_B._Monchengladbach_1_-_1_Juventus_corner_15.jpg,2015-11-03_-_22-45_B._Monchengladbach_1_-_1_Juventus,2,0,,,,
2015-11-03_-_22-45_Manchester_United_1_-_0_CSKA_Moscow_corner_1.jpg,2015-11-03_-_22-45_Manchester_United_1_-_0_CSKA_Moscow,1,0,,,,
2015-11-03_-_22-45_Manchester_United_1_-_0_CSKA_Moscow_corner_2.jpg,2015-11-03_-_22-45_Manchester_United_1_-_0_CSKA_Moscow,1,0,,,,
2015-11-03_-_22-45_Manchester_United_1_-_0_CSKA_Moscow_corner_3.jpg,2015-11-03_-_22-45_Manchester_United_1_-_0_CSKA_Moscow,1,0,,,,
2015-11-03_-_22-45_Manchester_United_1_-_0_CSKA_Moscow_corner_4.jpg,2015-11-03_-_22-45_Manchester_United_1_-_0_CSKA_Moscow,1,0,,,,
2015-11-03_-_22-45_Manchester_United_1_-_0_CSKA_Moscow_corner_5.jpg,2015-11-03_-_22-45_Manchester_United_1_-_0_CSKA_Moscow,2,1,,,,
2015-11-03_-_22-45_Manchester_United_1_-_0_CSKA_Moscow_corner_6.jpg,2015-11-03_-_22-45_Manchester_United_1_-_0_CSKA_Moscow,2,1,,,,
2015-11-03_-_22-45_Manchester_United_1_-_0_CSKA_Moscow_corner_7.jpg,2015-11-03_-_22-45_Manchester_United_1_-_0_CSKA_Moscow,2,0,,,,
2015-11-03_-_22-45_Manchester_United_1_-_0_CSKA_Moscow_corner_8.jpg,2015-11-03_-_22-45_Manchester_United_1_-_0_CSKA_Moscow,2,0,,,,
2015-11-03_-_22-45_Manchester_United_1_-_0_CSKA_Moscow_corner_9.jpg,2015-11-03_-_22-45_Manchester_United_1_-_0_CSKA_Moscow,2,0,,,,
2015-11-03_-_22-45_Manchester_United_1_-_0_CSKA_Moscow_corner_10.jpg,2015-11-03_-_22-45_Manchester_United_1_-_0_CSKA_Moscow,2,0,,,,
2015-11-03_-_22-45_PSV_2_-_0_Wolfsburg_corner_2.jpg,2015-11-03_-_22-45_PSV_2_-_0_Wolfsburg,1,0,,,,
2015-11-03_-_22-45_PSV_2_-_0_Wolfsburg_corner_3.jpg,2015-11-03_-_22-45_PSV_2_-_0_Wolfsburg,2,0,,,,
2015-11-04_-_22-45_Bayern_Munich_5_-_1_Arsenal_corner_2.jpg,2015-11-04_-_22-45_Bayern_Munich_5_-_1_Arsenal,1,0,,,,
2015-11-04_-_22-45_Bayern_Munich_5_-_1_Arsenal_corner_3.jpg,2015-11-04_-_22-45_Bayern_Munich_5_-_1_Arsenal,1,0,,,,
2015-11-04_-_22-45_Bayern_Munich_5_-_1_Arsenal_corner_4.jpg,2015-11-04_-_22-45_Bayern_Munich_5_-_1_Arsenal,1,1,,,,
2015-11-04_-_22-45_Bayern_Munich_5_-_1_Arsenal_corner_5.jpg,2015-11-04_-_22-45_Bayern_Munich_5_-_1_Arsenal,2,0,,,,
2015-11-04_-_22-45_Bayern_Munich_5_-_1_Arsenal_corner_8.jpg,2015-11-04_-_22-45_Bayern_Munich_5_-_1_Arsenal,2,0,,,,
2015-11-04_-_22-45_Bayern_Munich_5_-_1_Arsenal_corner_9.jpg,2015-11-04_-_22-45_Bayern_Munich_5_-_1_Arsenal,2,0,,,,
2015-11-04_-_22-45_Gent_1_-_0_Valencia_corner_1.jpg,2015-11-04_-_22-45_Gent_1_-_0_Valencia,1,0,,,,
2015-11-04_-_22-45_Gent_1_-_0_Valencia_corner_4.jpg,2015-11-04_-_22-45_Gent_1_-_0_Valencia,1,1,,,,
2015-11-04_-_22-45_Gent_1_-_0_Valencia_corner_6.jpg,2015-11-04_-_22-45_Gent_1_-_0_Valencia,2,1,,,,
2015-11-04_-_22-45_Gent_1_-_0_Valencia_corner_7.jpg,2015-11-04_-_22-45_Gent_1_-_0_Valencia,2,0,,,,
2015-11-04_-_22-45_Gent_1_-_0_Valencia_corner_8.jpg,2015-11-04_-_22-45_Gent_1_-_0_Valencia,2,0,,,,
2015-11-04_-_22-45_Gent_1_-_0_Valencia_corner_9.jpg,2015-11-04_-_22-45_Gent_1_-_0_Valencia,2,0,,,,
2015-11-04_-_22-45_Gent_1_-_0_Valencia_corner_10.jpg,2015-11-04_-_22-45_Gent_1_-_0_Valencia,2,0,,,,
2015-11-04_-_22-45_Gent_1_-_0_Valencia_corner_11.jpg,2015-11-04_-_22-45_Gent_1_-_0_Valencia,2,0,,,,
2015-11-04_-_22-45_Lyon_0_-_2_Zenit_Petersburg_corner_2.jpg,2015-11-04_-_22-45_Lyon_0_-_2_Zenit_Petersburg,1,0,,,,
2015-11-04_-_22-45_Lyon_0_-_2_Zenit_Petersburg_corner_3.jpg,2015-11-04_-_22-45_Lyon_0_-_2_Zenit_Petersburg,1,0,,,,
2015-11-04_-_22-45_Lyon_0_-_2_Zenit_Petersburg_corner_5.jpg,2015-11-04_-_22-45_Lyon_0_-_2_Zenit_Petersburg,2,1,,,,
2015-11-04_-_22-45_Maccabi_Tel_Aviv_1_-_3_FC_Porto_corner_1.jpg,2015-11-04_-_22-45_Maccabi_Tel_Aviv_1_-_3_FC_Porto,1,0,,,,
2015-11-04_-_22-45_Maccabi_Tel_Aviv_1_-_3_FC_Porto_corner_2.jpg,2015-11-04_-_22-45_Maccabi_Tel_Aviv_1_-_3_FC_Porto,1,1,,,,
2015-11-04_-_22-45_Maccabi_Tel_Aviv_1_-_3_FC_Porto_corner_3.jpg,2015-11-04_-_22-45_Maccabi_Tel_Aviv_1_-_3_FC_Porto,1,0,,,,
2015-11-04_-_22-45_Maccabi_Tel_Aviv_1_-_3_FC_Porto_corner_5.jpg,2015-11-04_-_22-45_Maccabi_Tel_Aviv_1_-_3_FC_Porto,1,0,,,,
2015-11-04_-_22-45_Maccabi_Tel_Aviv_1_-_3_FC_Porto_corner_6.jpg,2015-11-04_-_22-45_Maccabi_Tel_Aviv_1_-_3_FC_Porto,1,0,,,,
2015-11-04_-_22-45_Maccabi_Tel_Aviv_1_-_3_FC_Porto_corner_7.jpg,2015-11-04_-_22-45_Maccabi_Tel_Aviv_1_-_3_FC_Porto,1,0,,,,
2015-11-04_-_22-45_Maccabi_Tel_Aviv_1_-_3_FC_Porto_corner_8.jpg,2015-11-04_-_22-45_Maccabi_Tel_Aviv_1_-_3_FC_Porto,1,1,,,,
2015-11-04_-_22-45_Maccabi_Tel_Aviv_1_-_3_FC_Porto_corner_9.jpg,2015-11-04_-_22-45_Maccabi_Tel_Aviv_1_-_3_FC_Porto,2,0,,,,
2015-11-04_-_22-45_Maccabi_Tel_Aviv_1_-_3_FC_Porto_corner_10.jpg,2015-11-04_-_22-45_Maccabi_Tel_Aviv_1_-_3_FC_Porto,2,0,,,,
2015-11-04_-_22-45_Maccabi_Tel_Aviv_1_-_3_FC_Porto_corner_11.jpg,2015-11-04_-_22-45_Maccabi_Tel_Aviv_1_-_3_FC_Porto,2,1,,,,
2015-11-04_-_22-45_Maccabi_Tel_Aviv_1_-_3_FC_Porto_corner_12.jpg,2015-11-04_-_22-45_Maccabi_Tel_Aviv_1_-_3_FC_Porto,2,0,,,,
2015-11-04_-_22-45_Maccabi_Tel_Aviv_1_-_3_FC_Porto_corner_13.jpg,2015-11-04_-_22-45_Maccabi_Tel_Aviv_1_-_3_FC_Porto,2,0,,,,
2015-11-04_-_22-45_Maccabi_Tel_Aviv_1_-_3_FC_Porto_corner_14.jpg,2015-11-04_-_22-45_Maccabi_Tel_Aviv_1_-_3_FC_Porto,2,1,,,,
2015-11-24_-_20-00_Zenit_Petersburg_2_-_0_Valencia_corner_1.jpg,2015-11-24_-_20-00_Zenit_Petersburg_2_-_0_Valencia,1,0,,,,
2015-11-24_-_20-00_Zenit_Petersburg_2_-_0_Valencia_corner_2.jpg,2015-11-24_-_20-00_Zenit_Petersburg_2_-_0_Valencia,1,0,,,,
2015-11-24_-_20-00_Zenit_Petersburg_2_-_0_Valencia_corner_3.jpg,2015-11-24_-_20-00_Zenit_Petersburg_2_-_0_Valencia,1,0,,,,
2015-11-24_-_20-00_Zenit_Petersburg_2_-_0_Valencia_corner_4.jpg,2015-11-24_-_20-00_Zenit_Petersburg_2_-_0_Valencia,1,0,,,,
2015-11-24_-_20-00_Zenit_Petersburg_2_-_0_Valencia_corner_5.jpg,2015-11-24_-_20-00_Zenit_Petersburg_2_-_0_Valencia,1,0,,,,
2015-11-24_-_20-00_Zenit_Petersburg_2_-_0_Valencia_corner_6.jpg,2015-11-24_-_20-00_Zenit_Petersburg_2_-_0_Valencia,1,0,,,,
2015-11-24_-_20-00_Zenit_Petersburg_2_-_0_Valencia_corner_7.jpg,2015-11-24_-_20-00_Zenit_Petersburg_2_-_0_Valencia,2,0,,,,
2015-11-24_-_20-00_Zenit_Petersburg_2_-_0_Valencia_corner_8.jpg,2015-11-24_-_20-00_Zenit_Petersburg_2_-_0_Valencia,2,0,,,,
2015-11-24_-_20-00_Zenit_Petersburg_2_-_0_Valencia_corner_9.jpg,2015-11-24_-_20-00_Zenit_Petersburg_2_-_0_Valencia,2,0,,,,
2015-11-24_-_20-00_Zenit_Petersburg_2_-_0_Valencia_corner_12.jpg,2015-11-24_-_20-00_Zenit_Petersburg_2_-_0_Valencia,2,0,,,,
2015-11-24_-_22-45_Barcelona_6_-_1_AS_Roma_corner_10.jpg,2015-11-24_-_22-45_Barcelona_6_-_1_AS_Roma,2,0,,,,
2015-11-24_-_22-45_Barcelona_6_-_1_AS_Roma_corner_11.jpg,2015-11-24_-_22-45_Barcelona_6_-_1_AS_Roma,2,0,,,,
2015-11-24_-_22-45_Bayern_Munich_4_-_0_Olympiakos_Piraeus_corner_1.jpg,2015-11-24_-_22-45_Bayern_Munich_4_-_0_Olympiakos_Piraeus,1,0,,,,
2015-11-24_-_22-45_Bayern_Munich_4_-_0_Olympiakos_Piraeus_corner_2.jpg,2015-11-24_-_22-45_Bayern_Munich_4_-_0_Olympiakos_Piraeus,1,0,,,,
2015-11-24_-_22-45_Bayern_Munich_4_-_0_Olympiakos_Piraeus_corner_3.jpg,2015-11-24_-_22-45_Bayern_Munich_4_-_0_Olympiakos_Piraeus,2,0,,,,
2015-11-24_-_22-45_Bayern_Munich_4_-_0_Olympiakos_Piraeus_corner_4.jpg,2015-11-24_-_22-45_Bayern_Munich_4_-_0_Olympiakos_Piraeus,2,0,,,,
2015-11-24_-_22-45_FC_Porto_0_-_2_Dyn._Kiev_corner_1.jpg,2015-11-24_-_22-45_FC_Porto_0_-_2_Dyn._Kiev,1,0,,,,
2015-11-24_-_22-45_FC_Porto_0_-_2_Dyn._Kiev_corner_2.jpg,2015-11-24_-_22-45_FC_Porto_0_-_2_Dyn._Kiev,1,0,,,,
2015-11-24_-_22-45_FC_Porto_0_-_2_Dyn._Kiev_corner_3.jpg,2015-11-24_-_22-45_FC_Porto_0_-_2_Dyn._Kiev,1,0,,,,
2015-11-24_-_22-45_FC_Porto_0_-_2_Dyn._Kiev_corner_4.jpg,2015-11-24_-_22-45_FC_Porto_0_-_2_Dyn._Kiev,1,0,,,,
2015-11-24_-_22-45_FC_Porto_0_-_2_Dyn._Kiev_corner_5.jpg,2015-11-24_-_22-45_FC_Porto_0_-_2_Dyn._Kiev,1,0,,,,
2015-11-24_-_22-45_Maccabi_Tel_Aviv_0_-_4_Chelsea_corner_1.jpg,2015-11-24_-_22-45_Maccabi_Tel_Aviv_0_-_4_Chelsea,1,1,,,,
2015-11-24_-_22-45_Maccabi_Tel_Aviv_0_-_4_Chelsea_corner_2.jpg,2015-11-24_-_22-45_Maccabi_Tel_Aviv_0_-_4_Chelsea,1,0,,,,
2015-11-24_-_22-45_Maccabi_Tel_Aviv_0_-_4_Chelsea_corner_4.jpg,2015-11-24_-_22-45_Maccabi_Tel_Aviv_0_-_4_Chelsea,1,0,,,,
2015-11-24_-_22-45_Maccabi_Tel_Aviv_0_-_4_Chelsea_corner_6.jpg,2015-11-24_-_22-45_Maccabi_Tel_Aviv_0_-_4_Chelsea,2,0,,,,
2015-11-24_-_22-45_Maccabi_Tel_Aviv_0_-_4_Chelsea_corner_7.jpg,2015-11-24_-_22-45_Maccabi_Tel_Aviv_0_-_4_Chelsea,2,0,,,,
2015-11-24_-_22-45_Maccabi_Tel_Aviv_0_-_4_Chelsea_corner_8.jpg,2015-11-24_-_22-45_Maccabi_Tel_Aviv_0_-_4_Chelsea,2,0,,,,
2015-11-24_-_22-45_Maccabi_Tel_Aviv_0_-_4_Chelsea_corner_10.jpg,2015-11-24_-_22-45_Maccabi_Tel_Aviv_0_-_4_Chelsea,2,1,,,,
2015-11-25_-_20-00_CSKA_Moscow_0_-_2_Wolfsburg_corner_2.jpg,2015-11-25_-_20-00_CSKA_Moscow_0_-_2_Wolfsburg,1,0,,,,
2015-11-25_-_20-00_CSKA_Moscow_0_-_2_Wolfsburg_corner_5.jpg,2015-11-25_-_20-00_CSKA_Moscow_0_-_2_Wolfsburg,2,0,,,,
2015-11-25_-_20-00_CSKA_Moscow_0_-_2_Wolfsburg_corner_6.jpg,2015-11-25_-_20-00_CSKA_Moscow_0_-_2_Wolfsburg,2,0,,,,
2015-11-25_-_20-00_CSKA_Moscow_0_-_2_Wolfsburg_corner_7.jpg,2015-11-25_-_20-00_CSKA_Moscow_0_-_2_Wolfsburg,2,0,,,,
2015-11-25_-_22-45_Atl._Madrid_2_-_0_Galatasaray_corner_1.jpg,2015-11-25_-_22-45_Atl._Madrid_2_-_0_Galatasaray,1,0,,,,
2015-11-25_-_22-45_Atl._Madrid_2_-_0_Galatasaray_corner_2.jpg,2015-11-25_-_22-45_Atl._Madrid_2_-_0_Galatasaray,1,0,,,,
2015-11-25_-_22-45_Atl._Madrid_2_-_0_Galatasaray_corner_3.jpg,2015-11-25_-_22-45_Atl._Madrid_2_-_0_Galatasaray,1,0,,,,
2015-11-25_-_22-45_Atl._Madrid_2_-_0_Galatasaray_corner_4.jpg,2015-11-25_-_22-45_Atl._Madrid_2_-_0_Galatasaray,1,0,,,,
2015-11-25_-_22-45_B._Monchengladbach_4_-_2_Sevilla_corner_1.jpg,2015-11-25_-_22-45_B._Monchengladbach_4_-_2_Sevilla,1,0,,,,
2015-11-25_-_22-45_B._Monchengladbach_4_-_2_Sevilla_corner_3.jpg,2015-11-25_-_22-45_B._Monchengladbach_4_-_2_Sevilla,1,0,,,,
2015-11-25_-_22-45_B._Monchengladbach_4_-_2_Sevilla_corner_5.jpg,2015-11-25_-_22-45_B._Monchengladbach_4_-_2_Sevilla,1,0,,,,
2015-11-25_-_22-45_B._Monchengladbach_4_-_2_Sevilla_corner_8.jpg,2015-11-25_-_22-45_B._Monchengladbach_4_-_2_Sevilla,1,0,,,,
2015-11-25_-_22-45_B._Monchengladbach_4_-_2_Sevilla_corner_9.jpg,2015-11-25_-_22-45_B._Monchengladbach_4_-_2_Sevilla,1,0,,,,
2015-11-25_-_22-45_B._Monchengladbach_4_-_2_Sevilla_corner_11.jpg,2015-11-25_-_22-45_B._Monchengladbach_4_-_2_Sevilla,2,1,,,,
2015-11-25_-_22-45_B._Monchengladbach_4_-_2_Sevilla_corner_13.jpg,2015-11-25_-_22-45_B._Monchengladbach_4_-_2_Sevilla,2,0,,,,
2015-11-25_-_22-45_B._Monchengladbach_4_-_2_Sevilla_corner_14.jpg,2015-11-25_-_22-45_B._Monchengladbach_4_-_2_Sevilla,2,0,,,,
2015-11-25_-_22-45_Malmo_FF_0_-_5_Paris_SG_corner_1.jpg,2015-11-25_-_22-45_Malmo_FF_0_-_5_Paris_SG,1,0,,,,
2015-11-25_-_22-45_Malmo_FF_0_-_5_Paris_SG_corner_2.jpg,2015-11-25_-_22-45_Malmo_FF_0_-_5_Paris_SG,1,0,,,,
2015-11-25_-_22-45_Malmo_FF_0_-_5_Paris_SG_corner_3.jpg,2015-11-25_-_22-45_Malmo_FF_0_-_5_Paris_SG,1,0,,,,
2015-11-25_-_22-45_Malmo_FF_0_-_5_Paris_SG_corner_4.jpg,2015-11-25_-_22-45_Malmo_FF_0_-_5_Paris_SG,1,0,,,,
2015-11-25_-_22-45_Malmo_FF_0_-_5_Paris_SG_corner_5.jpg,2015-11-25_-_22-45_Malmo_FF_0_-_5_Paris_SG,1,0,,,,
2015-11-25_-_22-45_Malmo_FF_0_-_5_Paris_SG_corner_6.jpg,2015-11-25_-_22-45_Malmo_FF_0_-_5_Paris_SG,2,0,,,,
2015-11-25_-_22-45_Malmo_FF_0_-_5_Paris_SG_corner_7.jpg,2015-11-25_-_22-45_Malmo_FF_0_-_5_Paris_SG,2,0,,,,
2015-11-25_-_22-45_Malmo_FF_0_-_5_Paris_SG_corner_8.jpg,2015-11-25_-_22-45_Malmo_FF_0_-_5_Paris_SG,2,0,,,,
2015-11-25_-_22-45_Malmo_FF_0_-_5_Paris_SG_corner_9.jpg,2015-11-25_-_22-45_Malmo_FF_0_-_5_Paris_SG,2,0,,,,
2015-11-25_-_22-45_Malmo_FF_0_-_5_Paris_SG_corner_11.jpg,2015-11-25_-_22-45_Malmo_FF_0_-_5_Paris_SG,2,0,,,,
2015-12-09_-_22-45_D._Zagreb_0_-_2_Bayern_Munich_corner_1.jpg,2015-12-09_-_22-45_D._Zagreb_0_-_2_Bayern_Munich,1,0,,,,
2015-12-09_-_22-45_D._Zagreb_0_-_2_Bayern_Munich_corner_2.jpg,2015-12-09_-_22-45_D._Zagreb_0_-_2_Bayern_Munich,1,1,,,,
2015-12-09_-_22-45_D._Zagreb_0_-_2_Bayern_Munich_corner_3.jpg,2015-12-09_-_22-45_D._Zagreb_0_-_2_Bayern_Munich,1,0,,,,
2015-12-09_-_22-45_D._Zagreb_0_-_2_Bayern_Munich_corner_6.jpg,2015-12-09_-_22-45_D._Zagreb_0_-_2_Bayern_Munich,1,0,,,,
2015-12-09_-_22-45_D._Zagreb_0_-_2_Bayern_Munich_corner_7.jpg,2015-12-09_-_22-45_D._Zagreb_0_-_2_Bayern_Munich,1,0,,,,
2015-12-09_-_22-45_D._Zagreb_0_-_2_Bayern_Munich_corner_9.jpg,2015-12-09_-_22-45_D._Zagreb_0_-_2_Bayern_Munich,2,0,,,,
2015-12-09_-_22-45_D._Zagreb_0_-_2_Bayern_Munich_corner_11.jpg,2015-12-09_-_22-45_D._Zagreb_0_-_2_Bayern_Munich,2,0,,,,
2015-12-09_-_22-45_D._Zagreb_0_-_2_Bayern_Munich_corner_14.jpg,2015-12-09_-_22-45_D._Zagreb_0_-_2_Bayern_Munich,2,0,,,,
2015-02-25_-_22-45_Bayer_Leverkusen_1_-_0_Atl._Madrid_corner_1.jpg,2015-02-25_-_22-45_Bayer_Leverkusen_1_-_0_Atl._Madrid,1,0,,,,
2015-02-25_-_22-45_Bayer_Leverkusen_1_-_0_Atl._Madrid_corner_2.jpg,2015-02-25_-_22-45_Bayer_Leverkusen_1_-_0_Atl._Madrid,1,0,,,,
2015-02-25_-_22-45_Bayer_Leverkusen_1_-_0_Atl._Madrid_corner_3.jpg,2015-02-25_-_22-45_Bayer_Leverkusen_1_-_0_Atl._Madrid,1,0,,,,
2015-02-25_-_22-45_Bayer_Leverkusen_1_-_0_Atl._Madrid_corner_4.jpg,2015-02-25_-_22-45_Bayer_Leverkusen_1_-_0_Atl._Madrid,1,0,,,,
2015-02-25_-_22-45_Bayer_Leverkusen_1_-_0_Atl._Madrid_corner_5.jpg,2015-02-25_-_22-45_Bayer_Leverkusen_1_-_0_Atl._Madrid,2,0,,,,
2015-02-25_-_22-45_Bayer_Leverkusen_1_-_0_Atl._Madrid_corner_6.jpg,2015-02-25_-_22-45_Bayer_Leverkusen_1_-_0_Atl._Madrid,2,0,,,,
2015-03-10_-_22-45_FC_Porto_4_-_0_Basel_corner_2.jpg,2015-03-10_-_22-45_FC_Porto_4_-_0_Basel,2,0,,,,
2015-03-10_-_22-45_FC_Porto_4_-_0_Basel_corner_3.jpg,2015-03-10_-_22-45_FC_Porto_4_-_0_Basel,2,0,,,,
2015-03-18_-_22-45_Barcelona_1_-_0_Manchester_City_corner_1.jpg,2015-03-18_-_22-45_Barcelona_1_-_0_Manchester_City,1,0,,,,
2015-03-18_-_22-45_Barcelona_1_-_0_Manchester_City_corner_2.jpg,2015-03-18_-_22-45_Barcelona_1_-_0_Manchester_City,1,0,,,,
2015-03-18_-_22-45_Barcelona_1_-_0_Manchester_City_corner_3.jpg,2015-03-18_-_22-45_Barcelona_1_-_0_Manchester_City,1,0,,,,
2015-03-18_-_22-45_Barcelona_1_-_0_Manchester_City_corner_4.jpg,2015-03-18_-_22-45_Barcelona_1_-_0_Manchester_City,1,0,,,,
2015-03-18_-_22-45_Barcelona_1_-_0_Manchester_City_corner_5.jpg,2015-03-18_-_22-45_Barcelona_1_-_0_Manchester_City,1,0,,,,
2015-03-18_-_22-45_Barcelona_1_-_0_Manchester_City_corner_6.jpg,2015-03-18_-_22-45_Barcelona_1_-_0_Manchester_City,1,0,,,,
2015-03-18_-_22-45_Barcelona_1_-_0_Manchester_City_corner_7.jpg,2015-03-18_-_22-45_Barcelona_1_-_0_Manchester_City,2,0,,,,
2015-03-18_-_22-45_Barcelona_1_-_0_Manchester_City_corner_8.jpg,2015-03-18_-_22-45_Barcelona_1_-_0_Manchester_City,2,0,,,,
2015-03-18_-_22-45_Barcelona_1_-_0_Manchester_City_corner_9.jpg,2015-03-18_-_22-45_Barcelona_1_-_0_Manchester_City,2,0,,,,
2015-03-18_-_22-45_Barcelona_1_-_0_Manchester_City_corner_10.jpg,2015-03-18_-_22-45_Barcelona_1_-_0_Manchester_City,2,0,,,,
2015-03-18_-_22-45_Barcelona_1_-_0_Manchester_City_corner_11.jpg,2015-03-18_-_22-45_Barcelona_1_-_0_Manchester_City,2,0,,,,
2015-03-18_-_22-45_Dortmund_0_-_3_Juventus_corner_1.jpg,2015-03-18_-_22-45_Dortmund_0_-_3_Juventus,1,0,,,,
2015-03-18_-_22-45_Dortmund_0_-_3_Juventus_corner_2.jpg,2015-03-18_-_22-45_Dortmund_0_-_3_Juventus,1,0,,,,
2015-03-18_-_22-45_Dortmund_0_-_3_Juventus_corner_4.jpg,2015-03-18_-_22-45_Dortmund_0_-_3_Juventus,1,0,,,,
2015-03-18_-_22-45_Dortmund_0_-_3_Juventus_corner_5.jpg,2015-03-18_-_22-45_Dortmund_0_-_3_Juventus,1,0,,,,
2015-03-18_-_22-45_Dortmund_0_-_3_Juventus_corner_6.jpg,2015-03-18_-_22-45_Dortmund_0_-_3_Juventus,2,0,,,,
2015-03-18_-_22-45_Dortmund_0_-_3_Juventus_corner_7.jpg,2015-03-18_-_22-45_Dortmund_0_-_3_Juventus,2,0,,,,
2015-03-18_-_22-45_Dortmund_0_-_3_Juventus_corner_8.jpg,2015-03-18_-_22-45_Dortmund_0_-_3_Juventus,2,0,,,,
2015-03-18_-_22-45_Dortmund_0_-_3_Juventus_corner_9.jpg,2015-03-18_-_22-45_Dortmund_0_-_3_Juventus,2,0,,,,
2015-04-14_-_21-45_Atl._Madrid_0_-_0_Real_Madrid_corner_1.jpg,2015-04-14_-_21-45_Atl._Madrid_0_-_0_Real_Madrid,1,0,,,,
2015-04-14_-_21-45_Atl._Madrid_0_-_0_Real_Madrid_corner_2.jpg,2015-04-14_-_21-45_Atl._Madrid_0_-_0_Real_Madrid,1,0,,,,
2015-04-14_-_21-45_Atl._Madrid_0_-_0_Real_Madrid_corner_3.jpg,2015-04-14_-_21-45_Atl._Madrid_0_-_0_Real_Madrid,1,0,,,,
2015-04-14_-_21-45_Atl._Madrid_0_-_0_Real_Madrid_corner_4.jpg,2015-04-14_-_21-45_Atl._Madrid_0_-_0_Real_Madrid,1,0,,,,
2015-04-14_-_21-45_Atl._Madrid_0_-_0_Real_Madrid_corner_5.jpg,2015-04-14_-_21-45_Atl._Madrid_0_-_0_Real_Madrid,1,1,,,,
2015-04-14_-_21-45_Atl._Madrid_0_-_0_Real_Madrid_corner_6.jpg,2015-04-14_-_21-45_Atl._Madrid_0_-_0_Real_Madrid,1,0,,,,
2015-04-14_-_21-45_Atl._Madrid_0_-_0_Real_Madrid_corner_7.jpg,2015-04-14_-_21-45_Atl._Madrid_0_-_0_Real_Madrid,2,0,,,,
2015-04-14_-_21-45_Atl._Madrid_0_-_0_Real_Madrid_corner_8.jpg,2015-04-14_-_21-45_Atl._Madrid_0_-_0_Real_Madrid,2,0,,,,
2015-04-14_-_21-45_Atl._Madrid_0_-_0_Real_Madrid_corner_9.jpg,2015-04-14_-_21-45_Atl._Madrid_0_-_0_Real_Madrid,2,0,,,,
2015-04-14_-_21-45_Atl._Madrid_0_-_0_Real_Madrid_corner_10.jpg,2015-04-14_-_21-45_Atl._Madrid_0_-_0_Real_Madrid,2,1,,,,
2015-04-14_-_21-45_Atl._Madrid_0_-_0_Real_Madrid_corner_11.jpg,2015-04-14_-_21-45_Atl._Madrid_0_-_0_Real_Madrid,2,1,,,,
2015-04-14_-_21-45_Atl._Madrid_0_-_0_Real_Madrid_corner_12.jpg,2015-04-14_-_21-45_Atl._Madrid_0_-_0_Real_Madrid,2,0,,,,
2015-04-14_-_21-45_Juventus_1_-_0_Monaco_corner_1.jpg,2015-04-14_-_21-45_Juventus_1_-_0_Monaco,1,0,,,,
2015-04-14_-_21-45_Juventus_1_-_0_Monaco_corner_3.jpg,2015-04-14_-_21-45_Juventus_1_-_0_Monaco,1,0,,,,
2015-04-14_-_21-45_Juventus_1_-_0_Monaco_corner_4.jpg,2015-04-14_-_21-45_Juventus_1_-_0_Monaco,2,1,,,,
2015-04-14_-_21-45_Juventus_1_-_0_Monaco_corner_5.jpg,2015-04-14_-_21-45_Juventus_1_-_0_Monaco,2,0,,,,
2015-04-14_-_21-45_Juventus_1_-_0_Monaco_corner_6.jpg,2015-04-14_-_21-45_Juventus_1_-_0_Monaco,2,0,,,,
2015-04-14_-_21-45_Juventus_1_-_0_Monaco_corner_8.jpg,2015-04-14_-_21-45_Juventus_1_-_0_Monaco,2,0,,,,
2015-04-14_-_21-45_Juventus_1_-_0_Monaco_corner_9.jpg,2015-04-14_-_21-45_Juventus_1_-_0_Monaco,2,1,,,,
2015-04-14_-_21-45_Juventus_1_-_0_Monaco_corner_10.jpg,2015-04-14_-_21-45_Juventus_1_-_0_Monaco,2,0,,,,
2015-04-14_-_21-45_Juventus_1_-_0_Monaco_corner_11.jpg,2015-04-14_-_21-45_Juventus_1_-_0_Monaco,2,0,,,,
2015-04-14_-_21-45_Juventus_1_-_0_Monaco_corner_12.jpg,2015-04-14_-_21-45_Juventus_1_-_0_Monaco,2,0,,,,
2015-04-14_-_21-45_Juventus_1_-_0_Monaco_corner_13.jpg,2015-04-14_-_21-45_Juventus_1_-_0_Monaco,2,0,,,,
2015-04-21_-_21-45_Bayern_Munich_6_-_1_FC_Porto_corner_1.jpg,2015-04-21_-_21-45_Bayern_Munich_6_-_1_FC_Porto,1,1,,,,
2015-04-21_-_21-45_Bayern_Munich_6_-_1_FC_Porto_corner_2.jpg,2015-04-21_-_21-45_Bayern_Munich_6_-_1_FC_Porto,1,0,,,,
2015-04-21_-_21-45_Bayern_Munich_6_-_1_FC_Porto_corner_3.jpg,2015-04-21_-_21-45_Bayern_Munich_6_-_1_FC_Porto,1,0,,,,
2015-04-21_-_21-45_Bayern_Munich_6_-_1_FC_Porto_corner_4.jpg,2015-04-21_-_21-45_Bayern_Munich_6_-_1_FC_Porto,2,0,,,,
2015-04-21_-_21-45_Bayern_Munich_6_-_1_FC_Porto_corner_5.jpg,2015-04-21_-_21-45_Bayern_Munich_6_-_1_FC_Porto,2,0,,,,
2015-04-22_-_21-45_Monaco_0_-_0_Juventus_corner_1.jpg,2015-04-22_-_21-45_Monaco_0_-_0_Juventus,1,0,,,,
2015-04-22_-_21-45_Monaco_0_-_0_Juventus_corner_2.jpg,2015-04-22_-_21-45_Monaco_0_-_0_Juventus,2,0,,,,
2015-04-22_-_21-45_Monaco_0_-_0_Juventus_corner_3.jpg,2015-04-22_-_21-45_Monaco_0_-_0_Juventus,2,0,,,,
2015-04-22_-_21-45_Monaco_0_-_0_Juventus_corner_4.jpg,2015-04-22_-_21-45_Monaco_0_-_0_Juventus,2,0,,,,
2015-04-22_-_21-45_Monaco_0_-_0_Juventus_corner_5.jpg,2015-04-22_-_21-45_Monaco_0_-_0_Juventus,2,0,,,,
2015-04-22_-_21-45_Monaco_0_-_0_Juventus_corner_6.jpg,2015-04-22_-_21-45_Monaco_0_-_0_Juventus,2,0,,,,
2015-04-22_-_21-45_Monaco_0_-_0_Juventus_corner_7.jpg,2015-04-22_-_21-45_Monaco_0_-_0_Juventus,2,0,,,,
2015-04-22_-_21-45_Monaco_0_-_0_Juventus_corner_8.jpg,2015-04-22_-_21-45_Monaco_0_-_0_Juventus,2,0,,,,
2015-05-06_-_21-45_Barcelona_3_-_0_Bayern_Munich_corner_1.jpg,2015-05-06_-_21-45_Barcelona_3_-_0_Bayern_Munich,1,1,,,,
2015-05-06_-_21-45_Barcelona_3_-_0_Bayern_Munich_corner_2.jpg,2015-05-06_-_21-45_Barcelona_3_-_0_Bayern_Munich,1,1,,,,
2015-05-06_-_21-45_Barcelona_3_-_0_Bayern_Munich_corner_3.jpg,2015-05-06_-_21-45_Barcelona_3_-_0_Bayern_Munich,2,0,,,,
2015-05-06_-_21-45_Barcelona_3_-_0_Bayern_Munich_corner_4.jpg,2015-05-06_-_21-45_Barcelona_3_-_0_Bayern_Munich,2,0,,,,
2015-05-06_-_21-45_Barcelona_3_-_0_Bayern_Munich_corner_5.jpg,2015-05-06_-_21-45_Barcelona_3_-_0_Bayern_Munich,2,0,,,,
2015-05-12_-_21-45_Bayern_Munich_3_-_2_Barcelona_corner_1.jpg,2015-05-12_-_21-45_Bayern_Munich_3_-_2_Barcelona,1,0,,,,
2015-05-12_-_21-45_Bayern_Munich_3_-_2_Barcelona_corner_2.jpg,2015-05-12_-_21-45_Bayern_Munich_3_-_2_Barcelona,1,1,,,,
2015-05-12_-_21-45_Bayern_Munich_3_-_2_Barcelona_corner_3.jpg,2015-05-12_-_21-45_Bayern_Munich_3_-_2_Barcelona,1,0,,,,
2015-05-12_-_21-45_Bayern_Munich_3_-_2_Barcelona_corner_4.jpg,2015-05-12_-_21-45_Bayern_Munich_3_-_2_Barcelona,1,0,,,,
2015-05-12_-_21-45_Bayern_Munich_3_-_2_Barcelona_corner_5.jpg,2015-05-12_-_21-45_Bayern_Munich_3_-_2_Barcelona,2,1,,,,
